text,likesCount,is_spam,text_clean,text_normalized,text_final,text_length,text_word_count,clean_text_length,clean_text_word_count
"TOLONG BANTU WARGA KALTIM PERIHAL 
POLITIK DINASTI KALTIM YANG AROGAN DAN ANTI KRITIK

GUBERNUR rudy mas’ud

KETUA DPRD KALTIM hasanuddin mas’ud 

WALIKOTA BALIKPAPAN Rahmad mas’ud

ANGGOTA KOMISI VI DPR RI Sarifah suraidah (istri Rudy mas’ud)
KETUA KORMI sarifah suraidah (istri rudy mas’ud)
Ketua Tim Penggerak PKK Provinsi Kaltim , Bunda PAUD, Ketua Dekranasda, Bunda Literasi Provinsi Kalimantan Timur SARIFAH SURAIDAH

ANGGOTA DPRD KALTIM DAPIL PPU :Syahariah mas’ud

MANTAN BUPATI PASER : ghafur mas’ud (OTT KPK)

WAKIL KETUA 1 TAGUPP KALTIM Hijrah Mas’ud (adik gubernur) 

DIRUT RSUD beriman Bpp Ifransyah(suami hijrah mas’ud)

KETUA UMUM DPP HIMAD KALTIM : Edy Sakassa (suami Yuliana mas’ud)

KETUA Dprd balikpapan : Alwi 
(sepupu gubernur)

KABAG TU biro umum kaltim : ASMA 
(Kakak nya sarifah suraidah istri gubernur)

KABID RSUD AWS KALTIM : SYAHRIR (suami dr asma kakak istri nya gubernur)

KETUA KADIN KALTIM : Putri amanda 
(Keponakan dr gubernur )

PENGURUS KADIN KALTIM : Syahrah
(Anak gubernur kaltim)

CALON KETUA KONI KALTIM : ya pastinya BANI MAS’ud ) antara Syahariah mas’ud / ALWI 

BEBERAPA JABATAN LAINYA YANG D BERIKAN KEPADA PARA INFLUENCER serta MEDIA MEDIA LOKAL yang jadi garda terdepan pencitraan gubernur yg d bungkam dengan jabatan",305,False,"tolong bantu warga kaltim perihal politik dinasti kaltim arogan anti kritik gubernur rudy mas’ud ketua dprd kaltim hasanuddin mas’ud walikota balikpapan rahmad mas’ud anggota komisi vi dpr ri sarifah suraidah (istri rudy mas’ud) ketua kormi sarifah suraidah (istri rudy mas’ud) ketua tim penggerak pkk provinsi kaltim , bunda paud, ketua dekranasda, bunda literasi provinsi kalimantan timur sarifah suraidah anggota dprd kaltim dapil ppu :syahariah mas’ud mantan bupati paser : ghafur mas’ud (ott kpk) wakil ketua tagupp kaltim hijrah mas’ud (adik gubernur) dirut rsud beriman bpp ifransyah(suami hijrah mas’ud) ketua dpp himad kaltim : edy sakassa (suami yuliana mas’ud) ketua dprd balikpapan : alwi (sepupu gubernur) kabag tu biro kaltim : asma (kakak nya sarifah suraidah istri gubernur) kabid rsud aws kaltim : syahrir (suami asma istri nya gubernur) ketua kadin kaltim : putri amanda (keponakan gubernur ) pengurus kadin kaltim : syahrah (anak gubernur kaltim) calon ketua koni kaltim : pastinya bani mas’ud ) syahariah mas’ud / alwi jabatan lainya d influencer media media lokal garda terdepan pencitraan gubernur d bungkam jabatan","tolong bantu warga kaltim perihal politik dinasti kaltim yang arogan dan anti kritik gubernur rudy mas’ud ketua dprd kaltim hasanuddin mas’ud walikota balikpapan rahmad mas’ud anggota komisi vi dpr ri sarifah suraidah (istri rudy mas’ud) ketua kormi sarifah suraidah (istri rudy mas’ud) ketua tim penggerak pkk provinsi kaltim , bunda paud, ketua dekranasda, bunda literasi provinsi kalimantan timur sarifah suraidah anggota dprd kaltim dapil ppu :syahariah mas’ud mantan bupati paser : ghafur mas’ud (ott kpk) wakil ketua tagupp kaltim hijrah mas’ud (adik gubernur) dirut rsud beriman bpp ifransyah(suami hijrah mas’ud) ketua umum dpp himad kaltim : edy sakassa (suami yuliana mas’ud) ketua dprd balikpapan : alwi (sepupu gubernur) kabag tu biro umum kaltim : asma (kakak nya sarifah suraidah istri gubernur) kabid rsud aws kaltim : syahrir (suami dari asma kakak istri nya gubernur) ketua kadin kaltim : putri amanda (keponakan dari gubernur ) pengurus kadin kaltim : syahrah (anak gubernur kaltim) calon ketua koni kaltim : iya pastinya bani mas’ud ) antara syahariah mas’ud / alwi beberapa jabatan lainya yang d berikan kepada para influencer serta media media lokal yang jadi garda terdepan pencitraan gubernur yg d bungkam dengan jabatan","tolong bantu warga kaltim perihal politik dinasti kaltim arogan anti kritik gubernur rudy mas’ud ketua dprd kaltim hasanuddin mas’ud walikota balikpapan rahmad mas’ud anggota komisi vi dpr ri sarifah suraidah (istri rudy mas’ud) ketua kormi sarifah suraidah (istri rudy mas’ud) ketua tim penggerak pkk provinsi kaltim , bunda paud, ketua dekranasda, bunda literasi provinsi kalimantan timur sarifah suraidah anggota dprd kaltim dapil ppu :syahariah mas’ud mantan bupati paser : ghafur mas’ud (ott kpk) wakil ketua tagupp kaltim hijrah mas’ud (adik gubernur) dirut rsud beriman bpp ifransyah(suami hijrah mas’ud) ketua dpp himad kaltim : edy sakassa (suami yuliana mas’ud) ketua dprd balikpapan : alwi (sepupu gubernur) kabag tu biro kaltim : asma (kakak nya sarifah suraidah istri gubernur) kabid rsud aws kaltim : syahrir (suami asma istri nya gubernur) ketua kadin kaltim : putri amanda (keponakan gubernur ) pengurus kadin kaltim : syahrah (anak gubernur kaltim) calon ketua koni kaltim : pastinya bani mas’ud ) syahariah mas’ud / alwi jabatan lainya d influencer media media lokal garda terdepan pencitraan gubernur d bungkam jabatan",1263,192,1137,172
"MBG, Koperasi Merah Putih dan gentengisasi hanya menambah beban fiskal, uangnya ga berputar di kelompok bawah. Yang menikmati hanya kalangan tertentu, dan mereka lebih banyak saving money sehingga roda ekonomi ga jalan.",4843,False,"mbg, koperasi merah putih gentengisasi menambah beban fiskal, uangnya berputar kelompok bawah. menikmati kalangan tertentu, saving money roda ekonomi jalan.","mbg, koperasi merah putih dan gentengisasi hanya menambah beban fiskal, uangnya tidak berputar di kelompok bawah. yang menikmati hanya kalangan tertentu, dan mereka lebih banyak saving money sehingga roda ekonomi tidak jalan.","mbg, koperasi merah putih gentengisasi menambah beban fiskal, uangnya berputar kelompok bawah. menikmati kalangan tertentu, saving money roda ekonomi jalan.",219,32,156,20
"Izin bang komentar terkait ""MBG programm ineffeciancy"", izin nih MBG ada perputaran ekonomi nya yang bikin sektor rill dan ekonomi menengah kebawah masih berputar dan kuat, kalo kita bahas anggaran MBG memang terbilang besar tapi kalau dibilang ineffeciancy itu ngga juga karena pasar domestik kita juga yang membantu tatanan ekonomi Indonesia ini, karena kita juga tau kalau mayoritas penduduk Indonesia itu ekonomi kebawah jadi seengaknya ada terbantu dari program ini entah dari lapangan pekerjaan nya maupun manfaat nya. Jadi kurang tepat kalau dibilang ineffeciancy karena bang Ferry punya prespektif kontra. Dan anggaran itu juga ga menguap begitu saja karena ada wujud nya ketimbang anggaran tahun tahun sebelumnya yang ga ada MBG, dan program ini terbilang baru jadi wajar ada extended dipembiayaan nya, dan anggaran MBG juga diambil sebagian dari effeciancy anggaran negara untuk pembiayaan yang kurang bagus dampak langsung nya ke rakyat. (Maaf mungkin agak belibet, tapi yang mau saya tekankan untuk program MBG yang Abang bilang ineffeciancy menurut ku kurang tepat aja, karena sektor rill di program ini secara ekonomi nya juga berputar dan banyak yang merasakan, mungkin ada bocor bocor ke kantong tapi saya yakin mayoritas masih sangat kredible buat jalanin jadi Mitra SPPG, Dan ini jadi salah satu katalis kenapa disaat seperti ini Indonesia jadi salah satu negara aman ketika jadi perang, karena dari segi ekonomi lingkup kecil nya cukup aktif dan ada perputaran, ditambah Amit"" kalo kejadian perang, dapur SPPG bisa jadi area supply makanan layaknya bencana di Sumatra beberapa waktu lalu)🫸",30,False,"izin bang komentar terkait ""mbg programm ineffeciancy"", izin makan bergizi gratis perputaran ekonomi nya bikin sektor rill ekonomi menengah kebawah berputar kuat, bahas anggaran makan bergizi gratis terbilang dibilang ineffeciancy ngga pasar domestik membantu tatanan ekonomi indonesia ini, tau mayoritas penduduk indonesia ekonomi kebawah seengaknya terbantu program lapangan pekerjaan nya manfaat nya. dibilang ineffeciancy bang ferry prespektif kontra. anggaran menguap wujud nya ketimbang anggaran mbg, program terbilang wajar extended dipembiayaan nya, anggaran makan bergizi gratis diambil effeciancy anggaran negara pembiayaan bagus dampak langsung nya rakyat. (maaf belibet, tekankan program makan bergizi gratis abang bilang ineffeciancy ku aja, sektor rill program ekonomi nya berputar merasakan, bocor bocor kantong mayoritas kredible jalanin mitra sppg, salah katalis disaat indonesia salah negara aman perang, segi ekonomi lingkup nya aktif perputaran, ditambah amit"" kejadian perang, dapur sppg area supply makanan layaknya bencana sumatra lalu)🫸","izin bang komentar terkait ""mbg programm ineffeciancy"", izin ini makan bergizi gratis ada perputaran ekonomi nya yang bikin sektor rill dan ekonomi menengah kebawah masih berputar dan kuat, kalau kita bahas anggaran makan bergizi gratis memang terbilang besar tapi kalau dibilang ineffeciancy itu ngga juga karena pasar domestik kita juga yang membantu tatanan ekonomi indonesia ini, karena kita juga tau kalau mayoritas penduduk indonesia itu ekonomi kebawah jadi seengaknya ada terbantu dari program ini entah dari lapangan pekerjaan nya maupun manfaat nya. jadi kurang tepat kalau dibilang ineffeciancy karena bang ferry punya prespektif kontra. dan anggaran itu juga tidak menguap begitu saja karena ada wujud nya ketimbang anggaran tahun tahun sebelumnya yang tidak ada mbg, dan program ini terbilang baru jadi wajar ada extended dipembiayaan nya, dan anggaran makan bergizi gratis juga diambil sebagian dari effeciancy anggaran negara untuk pembiayaan yang kurang bagus dampak langsung nya ke rakyat. (maaf mungkin agak belibet, tapi yang mau saya tekankan untuk program makan bergizi gratis yang abang bilang ineffeciancy menurut ku kurang tepat aja, karena sektor rill di program ini secara ekonomi nya juga berputar dan banyak yang merasakan, mungkin ada bocor bocor ke kantong tapi saya yakin mayoritas masih sangat kredible buat jalanin jadi mitra sppg, dan ini jadi salah satu katalis kenapa disaat seperti ini indonesia jadi salah satu negara aman ketika jadi perang, karena dari segi ekonomi lingkup kecil nya cukup aktif dan ada perputaran, ditambah amit"" kalau kejadian perang, dapur sppg bisa jadi area supply makanan layaknya bencana di sumatra beberapa waktu lalu)🫸","izin bang komentar terkait ""mbg programm ineffeciancy"", izin makan bergizi gratis perputaran ekonomi nya bikin sektor rill ekonomi menengah kebawah berputar kuat, bahas anggaran makan bergizi gratis terbilang dibilang ineffeciancy ngga pasar domestik membantu tatanan ekonomi indonesia ini, tau mayoritas penduduk indonesia ekonomi kebawah seengaknya terbantu program lapangan pekerjaan nya manfaat nya. dibilang ineffeciancy bang ferry prespektif kontra. anggaran menguap wujud nya ketimbang anggaran mbg, program terbilang wajar extended dipembiayaan nya, anggaran makan bergizi gratis diambil effeciancy anggaran negara pembiayaan bagus dampak langsung nya rakyat. (maaf belibet, tekankan program makan bergizi gratis abang bilang ineffeciancy ku aja, sektor rill program ekonomi nya berputar merasakan, bocor bocor kantong mayoritas kredible jalanin mitra sppg, salah katalis disaat indonesia salah negara aman perang, segi ekonomi lingkup nya aktif perputaran, ditambah amit"" kejadian perang, dapur sppg area supply makanan layaknya bencana sumatra lalu)🫸",1608,246,1060,139
"akhirnya nemu jg org yg nulisnya normal, bkn memperkeruh. Mantap bang teruskan😭👍",2359,False,"nemu org nulisnya normal, bkn memperkeruh. mantap bang teruskan","akhirnya nemu juga org yg nulisnya normal, bkn memperkeruh. mantap bang teruskan","nemu org nulisnya normal, bkn memperkeruh. mantap bang teruskan",80,12,63,9
Capek bngt liat MBG,2880,False,capek bngt liat makan bergizi gratis,capek bngt liat makan bergizi gratis,capek bngt liat makan bergizi gratis,19,4,36,6
"Udah ngomong panjang x lebar, pake data, analisis, dirangkumin, dikasih masukan lagi. Yuk bisa yuk didenger jangan dibilang antek antek asenk @prabowo @presidenrepublikindonesia @gerindra @gibran_rakabuming",1457,False,"udah ngomong x lebar, pake data, analisis, dirangkumin, dikasih masukan lagi. ayo ayo didenger dibilang antek antek asenk","udah ngomong panjang x lebar, pake data, analisis, dirangkumin, dikasih masukan lagi. ayo bisa ayo didenger jangan dibilang antek antek asenk","udah ngomong x lebar, pake data, analisis, dirangkumin, dikasih masukan lagi. ayo ayo didenger dibilang antek antek asenk",206,25,121,18
"MBG itu gk darurat, tolong lah, kalau mau mencegah stunting, perbanyak edukasi Ibu hamil dan gizi Ibu hamil. Kalau banyak anak dari ekonomi bawah yg butuh, utamakan mereka aja.  Ciptakan lapangan kerja, naikkan gaji para pekerja. mBG bukan solusi, gimana bisa dengan kasih makan sekali sehari gizi anak2 akan lebih baik? Di tambah kita lihat di lapangan menu yg di kasih sangat jauh dari nilai gizi yg di butuhkan. Ayolah pak @presidenrepublikindonesia  @prabowo  @gerindra  @teddy_hq  @gibran_rakabuming  jangan egois, jangan menutup mata, jangan arogan, g usah malu mengakui bahwa program ini memang gagal dan hanya jadi lahan korupsi yg tersistematis. Rakyat akan lebih bangga terhadap kalau Bapak mau mengakui dan mendengar keluhan rakyat. Katanya Bapak cinta rakyat, mana buktinya?",1023,False,"makan bergizi gratis darurat, tolong lah, mencegah stunting, perbanyak edukasi hamil gizi hamil. anak ekonomi butuh, utamakan aja. ciptakan lapangan kerja, naikkan gaji pekerja. makan bergizi gratis solusi, gimana kasih makan sehari gizi anak baik? lihat lapangan menu kasih nilai gizi butuhkan. ayolah egois, menutup mata, arogan, g malu mengakui program gagal lahan korupsi tersistematis. rakyat bangga mengakui mendengar keluhan rakyat. cinta rakyat, buktinya?","makan bergizi gratis itu gk darurat, tolong lah, kalau mau mencegah stunting, perbanyak edukasi ibu hamil dan gizi ibu hamil. kalau banyak anak dari ekonomi bawah yg butuh, utamakan mereka aja. ciptakan lapangan kerja, naikkan gaji para pekerja. makan bergizi gratis bukan solusi, gimana bisa dengan kasih makan sekali sehari gizi anak akan lebih baik? di tambah kita lihat di lapangan menu yg di kasih sangat jauh dari nilai gizi yg di butuhkan. ayolah pak jangan egois, jangan menutup mata, jangan arogan, g usah malu mengakui bahwa program ini memang gagal dan hanya jadi lahan korupsi yg tersistematis. rakyat akan lebih bangga terhadap kalau bapak mau mengakui dan mendengar keluhan rakyat. katanya bapak cinta rakyat, mana buktinya?","makan bergizi gratis darurat, tolong lah, mencegah stunting, perbanyak edukasi hamil gizi hamil. anak ekonomi butuh, utamakan aja. ciptakan lapangan kerja, naikkan gaji pekerja. makan bergizi gratis solusi, gimana kasih makan sehari gizi anak baik? lihat lapangan menu kasih nilai gizi butuhkan. ayolah egois, menutup mata, arogan, g malu mengakui program gagal lahan korupsi tersistematis. rakyat bangga mengakui mendengar keluhan rakyat. cinta rakyat, buktinya?",786,118,463,64
"Zaman SBY kita sering bgt tum kena gejolak Minyak Dunia. Dinamika nya sempet panas, tapi karena Kebijakan nya Pro-Growth dan penuh kehati-hatian, jadi Masyarakat ga terlalu kena dampaknya. Ekonomi ttep tumbuh bahkan nyentuh 6% di 2011. Pendapatnya tum @irwandiferry",640,False,"zaman sby tum kena gejolak minyak dunia. dinamika nya sempet panas, kebijakan nya pro-growth penuh kehati-hatian, masyarakat kena dampaknya. ekonomi ttep tumbuh nyentuh % . pendapatnya tum","zaman sby kita sering banget tum kena gejolak minyak dunia. dinamika nya sempet panas, tapi karena kebijakan nya pro-growth dan penuh kehati-hatian, jadi masyarakat tidak terlalu kena dampaknya. ekonomi ttep tumbuh bahkan nyentuh % di . pendapatnya tum","zaman sby tum kena gejolak minyak dunia. dinamika nya sempet panas, kebijakan nya pro-growth penuh kehati-hatian, masyarakat kena dampaknya. ekonomi ttep tumbuh nyentuh % . pendapatnya tum",265,39,188,27
"Gapapa Bang, rakyat besok” kayanya kemana” baik kuda atau karpet terbang. Yang penting MBG tetap jalan 😅",114,False,"gapapa bang, rakyat besok” kayanya kemana” kuda karpet terbang. makan bergizi gratis jalan","gapapa bang, rakyat besok” kayanya kemana” baik kuda atau karpet terbang. yang penting makan bergizi gratis tetap jalan","gapapa bang, rakyat besok” kayanya kemana” kuda karpet terbang. makan bergizi gratis jalan",104,17,90,13
"MBG libur dulu Napa, puasa juga kan",161,False,"makan bergizi gratis libur napa, puasa","makan bergizi gratis libur dulu napa, puasa juga kan","makan bergizi gratis libur napa, puasa",35,7,38,6
Ngerti pak @prabowo ?,2,False,ngerti ?,ngerti pak ?,ngerti ?,21,4,8,2
Mbg ladang cari cuan jir,683,False,makan bergizi gratis ladang cari cuan jir,makan bergizi gratis ladang cari cuan jir,makan bergizi gratis ladang cari cuan jir,24,5,41,7
Subsidi mobil dan motor listrik + pembagian Kompor listrik biar tidak bergantung pada import karena listrik kita di dukung Oleh batu bara yg melimpah 👍👍,22,False,subsidi mobil motor listrik + pembagian kompor listrik biar bergantung import listrik dukung batu bara melimpah,subsidi mobil dan motor listrik + pembagian kompor listrik biar tidak bergantung pada import karena listrik kita di dukung oleh batu bara yg melimpah,subsidi mobil motor listrik + pembagian kompor listrik biar bergantung import listrik dukung batu bara melimpah,152,25,111,16
"Melihat cara Pak Menteri HAM menjawab pertanyaan di suatu forum diskusi, kok saya pesimis pejabat kita TIDAK SEMPAT membaca ini",26,False,"menteri ham forum diskusi, pesimis pejabat membaca","melihat cara pak menteri ham menjawab pertanyaan di suatu forum diskusi, kok saya pesimis pejabat kita tidak sempat membaca ini","menteri ham forum diskusi, pesimis pejabat membaca",127,20,50,7
"Mohon maaf kalau boleh jujur,, Abang kita satu ini lebih cerdas dari wapres kita.. mohon maaf saya jujur.. 🙏",67,False,"mohon maaf jujur,, abang cerdas wapres kita.. mohon maaf jujur..","mohon maaf kalau boleh jujur,, abang kita satu ini lebih cerdas dari wapres kita.. mohon maaf saya jujur..","mohon maaf jujur,, abang cerdas wapres kita.. mohon maaf jujur..",108,19,64,10
"Udahlah pak @prabowo kami tau anda sudah menepati janji. Tp disini program kerja yg anda andal2kan itu banyak cacat nya. Seprti menabur garam ditengah lautan. Mgkin sebagian anak terbantu tapi jutaan orangtua harus putar otak mikirin sandang pangan yg diluar jangkauan. Roda perekonomian berputar aja di circle itu2 aja,sedangkn dilapisan masyarakat lain mengalami dampak nya",785,False,"udahlah tau menepati janji. program kerja andal cacat nya. seprti menabur garam ditengah lautan. mgkin anak terbantu jutaan orangtua putar otak mikirin sandang pangan diluar jangkauan. roda perekonomian berputar aja circle aja,sedangkn dilapisan masyarakat mengalami dampak nya","udahlah pak kami tau anda sudah menepati janji. tapi disini program kerja yg anda andal kan itu banyak cacat nya. seprti menabur garam ditengah lautan. mgkin sebagian anak terbantu tapi jutaan orangtua harus putar otak mikirin sandang pangan yg diluar jangkauan. roda perekonomian berputar aja di circle itu aja,sedangkn dilapisan masyarakat lain mengalami dampak nya","udahlah tau menepati janji. program kerja andal cacat nya. seprti menabur garam ditengah lautan. mgkin anak terbantu jutaan orangtua putar otak mikirin sandang pangan diluar jangkauan. roda perekonomian berputar aja circle aja,sedangkn dilapisan masyarakat mengalami dampak nya",375,55,277,37
Pak @purbayayudhi.official bisa kali yaa angkat bang ferry jadi staff ahlinyaa,93,False,.official kali yaa angkat bang ferry staff ahlinyaa,pak .official bisa kali yaa angkat bang ferry jadi staff ahlinyaa,.official kali yaa angkat bang ferry staff ahlinyaa,78,11,51,8
"Persiapan APBN Darurat: Pemerintah harus menyiapkan skenario fiskal untuk tiga level harga minyak (USD 85, USD 100, dan USD 120 per barel). Ini termasuk mengidentifikasi pos-pos belanja yang dapat dipangkas atau dijadwal ulang untuk menjaga defisit tetap di bawah 3% .
2. Menjaga Ketahanan Pangan & Daya Beli:
 · Mitigasi Harga Pangan: Koordinasikan kebijakan pusat-daerah untuk memastikan distribusi pangan lancar, terutama menjelang Lebaran 2026. Intervensi pasar operasi pasar sangat krusial untuk mengendalikan inflasi yang telah menyentuh 4,76% .
 · Hemat Energi Sektoral: Terapkan kebijakan kerja dari rumah (work from home/WFH) untuk sebagian aparatur sipil negara (ASN) dan pekerja di sektor publik sebagai langkah penghematan konsumsi BBM .
3. Mitigasi Risiko bagi Dunia Usaha:
 · Manajemen Risiko Valas: Dorong dunia usaha untuk menggunakan instrumen lindung nilai (hedging) untuk mengelola eksposur terhadap fluktuasi nilai tukar .
 · Keringanan untuk Sektor Padat Karya: Siapkan skema dukungan terarah, seperti relaksasi kredit atau insentif pajak sementara, bagi industri padat karya yang paling terdampak oleh lonjakan biaya energi dan logistik",0,False,"persiapan anggaran pendapatan belanja negara darurat: pemerintah skenario fiskal level harga minyak (usd , usd , usd barel). mengidentifikasi pos-pos belanja dipangkas dijadwal ulang menjaga defisit % . . menjaga ketahanan pangan & daya beli: · mitigasi harga pangan: koordinasikan kebijakan pusat-daerah distribusi pangan lancar, menjelang lebaran . intervensi pasar operasi pasar krusial mengendalikan inflasi menyentuh , % . · hemat energi sektoral: terapkan kebijakan kerja rumah (work from home/wfh) aparatur sipil negara (asn) pekerja sektor publik langkah penghematan konsumsi bahan bakar minyak . . mitigasi risiko dunia usaha: · manajemen risiko valas: dorong dunia usaha instrumen lindung nilai (hedging) mengelola eksposur fluktuasi nilai tukar . · keringanan sektor padat karya: siapkan skema dukungan terarah, relaksasi kredit insentif pajak sementara, industri padat karya terdampak lonjakan biaya energi logistik","persiapan anggaran pendapatan dan belanja negara darurat: pemerintah harus menyiapkan skenario fiskal untuk tiga level harga minyak (usd , usd , dan usd per barel). ini termasuk mengidentifikasi pos-pos belanja yang dapat dipangkas atau dijadwal ulang untuk menjaga defisit tetap di bawah % . . menjaga ketahanan pangan & daya beli: · mitigasi harga pangan: koordinasikan kebijakan pusat-daerah untuk memastikan distribusi pangan lancar, terutama menjelang lebaran . intervensi pasar operasi pasar sangat krusial untuk mengendalikan inflasi yang telah menyentuh , % . · hemat energi sektoral: terapkan kebijakan kerja dari rumah (work from home/wfh) untuk sebagian aparatur sipil negara (asn) dan pekerja di sektor publik sebagai langkah penghematan konsumsi bahan bakar minyak . . mitigasi risiko bagi dunia usaha: · manajemen risiko valas: dorong dunia usaha untuk menggunakan instrumen lindung nilai (hedging) untuk mengelola eksposur terhadap fluktuasi nilai tukar . · keringanan untuk sektor padat karya: siapkan skema dukungan terarah, seperti relaksasi kredit atau insentif pajak sementara, bagi industri padat karya yang paling terdampak oleh lonjakan biaya energi dan logistik","persiapan anggaran pendapatan belanja negara darurat: pemerintah skenario fiskal level harga minyak (usd , usd , usd barel). mengidentifikasi pos-pos belanja dipangkas dijadwal ulang menjaga defisit % . . menjaga ketahanan pangan & daya beli: · mitigasi harga pangan: koordinasikan kebijakan pusat-daerah distribusi pangan lancar, menjelang lebaran . intervensi pasar operasi pasar krusial mengendalikan inflasi menyentuh , % . · hemat energi sektoral: terapkan kebijakan kerja rumah (work from home/wfh) aparatur sipil negara (asn) pekerja sektor publik langkah penghematan konsumsi bahan bakar minyak . . mitigasi risiko dunia usaha: · manajemen risiko valas: dorong dunia usaha instrumen lindung nilai (hedging) mengelola eksposur fluktuasi nilai tukar . · keringanan sektor padat karya: siapkan skema dukungan terarah, relaksasi kredit insentif pajak sementara, industri padat karya terdampak lonjakan biaya energi logistik",1158,164,927,128
"Konsumsi minyak di Indonesia per hari 900 miliar. Dana MBG 1,2T. Lebih gede buat MBG jir wkwk. Padahal konsumsi minyak itu penggerak ekonomi di semua lini😂",297,False,"konsumsi minyak indonesia miliar. dana makan bergizi gratis , t. gede makan bergizi gratis jir wkwk. konsumsi minyak penggerak ekonomi lini","konsumsi minyak di indonesia per hari miliar. dana makan bergizi gratis , t. lebih gede buat makan bergizi gratis jir wkwk. padahal konsumsi minyak itu penggerak ekonomi di semua lini","konsumsi minyak indonesia miliar. dana makan bergizi gratis , t. gede makan bergizi gratis jir wkwk. konsumsi minyak penggerak ekonomi lini",155,26,139,21
MBG Lebaran dibagikan ke siapa?,3,False,makan bergizi gratis lebaran dibagikan siapa?,makan bergizi gratis lebaran dibagikan ke siapa?,makan bergizi gratis lebaran dibagikan siapa?,31,5,45,6
Kenapa sih orang pinter gini bukan nya ada di pemerintahan🥹🥹,2,False,sih orang pinter nya pemerintahan🥹🥹,kenapa sih orang pinter begini bukan nya ada di pemerintahan🥹🥹,sih orang pinter nya pemerintahan🥹🥹,60,10,35,5
"MBG lagi MBG lagi, program cuan pejabat yang ngabisin APBN.",681,False,"makan bergizi gratis makan bergizi gratis lagi, program cuan pejabat ngabisin apbn.","makan bergizi gratis lagi makan bergizi gratis lagi, program cuan pejabat yang ngabisin apbn.","makan bergizi gratis makan bergizi gratis lagi, program cuan pejabat ngabisin apbn.",59,10,83,12
"1 KALIMAT LUCU. ""NEGARA KAYA SDA KRISIS ENERGI"" 😹",283,False,"kalimat lucu. ""negara kaya sda krisis energi""","kalimat lucu. ""negara kaya sda krisis energi""","kalimat lucu. ""negara kaya sda krisis energi""",49,9,45,7
Mereka bukan gak ngerti gimana solusinya kan bang? Mereka pura2 gak tau aja kan biar proyek “bagi hasilnya” tetep jalan? Masa iya sebodoh itu?,497,False,ngerti gimana solusinya bang? pura tau aja biar proyek “bagi hasilnya” tetep jalan? sebodoh itu?,mereka bukan tidak ngerti gimana solusinya kan bang? mereka pura tidak tau aja kan biar proyek “bagi hasilnya” tetep jalan? masa iya sebodoh itu?,ngerti gimana solusinya bang? pura tau aja biar proyek “bagi hasilnya” tetep jalan? sebodoh itu?,142,24,96,15
Pak @purbayayudhi.official harusnya paham dong kayak gini. Masalahnya bisa nggak jelasin hal ini ke Pria Sawit tanpa bikin belio tantrum. Nggak lucu nanti kalo ada adegan gebrak2 meja kek udah2 😢,177,False,.official paham kayak gini. jelasin pria sawit bikin belio tantrum. lucu adegan gebrak meja kek udah,pak .official harusnya paham dong kayak gini. masalahnya bisa tidak jelasin hal ini ke pria sawit tanpa bikin belio tantrum. tidak lucu nanti kalau ada adegan gebrak meja kek udah,.official paham kayak gini. jelasin pria sawit bikin belio tantrum. lucu adegan gebrak meja kek udah,195,31,100,16
@prabowo @gibran_rakabuming belajar nih,0,False,belajar,belajar ini,belajar,39,4,7,1
"Sementara itu ada instansi yg buang anggaran nya gila""an, main siaga""an, main komcad""an, postur organisasi nya gemuk bgt, ngebantu fiskal kaga, malah bikin tekor",0,False,"instansi buang anggaran nya gila""an, main siaga""an, main komcad""an, postur organisasi nya gemuk bgt, ngebantu fiskal kaga, bikin tekor","sementara itu ada instansi yg buang anggaran nya gila""an, main siaga""an, main komcad""an, postur organisasi nya gemuk bgt, ngebantu fiskal kaga, malah bikin tekor","instansi buang anggaran nya gila""an, main siaga""an, main komcad""an, postur organisasi nya gemuk bgt, ngebantu fiskal kaga, bikin tekor",161,24,134,19
MBG adalah koentji,7,False,makan bergizi gratis koentji,makan bergizi gratis adalah koentji,makan bergizi gratis koentji,18,3,28,4
"Presiden kita gak peduli apbn jebol yg penting program MBG tetap jalan, supaya dipuja puji teruss",9,False,"presiden peduli anggaran pendapatan belanja negara jebol program makan bergizi gratis jalan, dipuja puji teruss","presiden kita tidak peduli anggaran pendapatan dan belanja negara jebol yg penting program makan bergizi gratis tetap jalan, supaya dipuja puji teruss","presiden peduli anggaran pendapatan belanja negara jebol program makan bergizi gratis jalan, dipuja puji teruss",97,16,111,15
"Fungsi utama MBG untuk persiapan nyalon lagi di 2029, minimal suara pemilik dapur, pekerja & buzzer MBG sudah diamankan beserta keluarganya.",1,False,"fungsi utama makan bergizi gratis persiapan nyalon , minimal suara pemilik dapur, pekerja & buzzer makan bergizi gratis diamankan beserta keluarganya.","fungsi utama makan bergizi gratis untuk persiapan nyalon lagi di , minimal suara pemilik dapur, pekerja & buzzer makan bergizi gratis sudah diamankan beserta keluarganya.","fungsi utama makan bergizi gratis persiapan nyalon , minimal suara pemilik dapur, pekerja & buzzer makan bergizi gratis diamankan beserta keluarganya.",140,21,150,21
btw harga oil udah balik lagi di kisaran 86$ per barrel 🙌 kemarin mungkin lagi panas²nya sempet nyentuh harga tertinggi secara tiba² kisaran 110$ per barel🙌 cmiiw,1,False,btw harga oil udah kisaran $ barrel kemarin panas²nya sempet nyentuh harga tertinggi tiba² kisaran $ barel cmiiw,btw harga oil udah balik lagi di kisaran $ per barrel kemarin mungkin lagi panas²nya sempet nyentuh harga tertinggi secara tiba² kisaran $ per barel cmiiw,btw harga oil udah kisaran $ barrel kemarin panas²nya sempet nyentuh harga tertinggi tiba² kisaran $ barel cmiiw,162,27,112,18
330T? Kok ky mbg setahun bang😂,1,False,t? ky makan bergizi gratis setahun bang,t? kok ky makan bergizi gratis setahun bang,t? ky makan bergizi gratis setahun bang,30,6,39,7
Pemilik SPPG tidak suka melihat postingan ini,292,False,pemilik sppg suka postingan,pemilik sppg tidak suka melihat postingan ini,pemilik sppg suka postingan,45,7,27,4
"Simple, tapi boomer pusing",1,False,"simple, boomer pusing","simple, tapi boomer pusing","simple, boomer pusing",26,4,21,3
Pemerintahnya kaga paham bang,7,False,pemerintahnya kaga paham bang,pemerintahnya kaga paham bang,pemerintahnya kaga paham bang,29,4,29,4
"MBG jangan disenggol bang. Itu melanggar HAM. Lanjutkan, meskipun harga minyak tembus diatas 150 dollar per barel.Biiarin. Biarin krisis datengnya lebih cepet.",1,False,"makan bergizi gratis disenggol bang. melanggar ham. lanjutkan, harga minyak tembus diatas dollar barel.biiarin. biarin krisis datengnya cepet.","makan bergizi gratis jangan disenggol bang. itu melanggar ham. lanjutkan, meskipun harga minyak tembus diatas dollar per barel.biiarin. biarin krisis datengnya lebih cepet.","makan bergizi gratis disenggol bang. melanggar ham. lanjutkan, harga minyak tembus diatas dollar barel.biiarin. biarin krisis datengnya cepet.",159,22,142,18
Prabowo dan Gibran nggak ngeri soal ini. Yang mereka mengerti hanya MBG.,3,False,prabowo gibran ngeri ini. mengerti mbg.,prabowo dan gibran tidak ngeri soal ini. yang mereka mengerti hanya mbg.,prabowo gibran ngeri ini. mengerti mbg.,72,12,39,6
"MBG gaboleh stop pokoknya, kalo bisa bbm di ganti sama mbg😂😂",4,False,"makan bergizi gratis gaboleh stop pokoknya, bahan bakar minyak ganti makan bergizi gratis","makan bergizi gratis gaboleh stop pokoknya, kalau bisa bahan bakar minyak di ganti sama makan bergizi gratis","makan bergizi gratis gaboleh stop pokoknya, bahan bakar minyak ganti makan bergizi gratis",60,11,89,13
@cilacap_project ni bang ferry yg KONTRA keras sama program MBG aj kritik nya di serta i SARAN masa akun informasi seperti anda malah ngajarin WARGA KRITIK TANPA SARAN🤮,2,False,ni bang ferry kontra keras program makan bergizi gratis aj kritik nya i saran akun informasi ngajarin warga kritik saran🤮,ni bang ferry yg kontra keras sama program makan bergizi gratis aj kritik nya di serta i saran masa akun informasi seperti anda malah ngajarin warga kritik tanpa saran🤮,ni bang ferry kontra keras program makan bergizi gratis aj kritik nya i saran akun informasi ngajarin warga kritik saran🤮,168,28,121,20
"menarik, Bang @irwandiferry krn konteksnya ketahanan energi, perlu jg dibahas peran dana kutipan export sawit 50T/thn, yg digunakan u/ subsidi biodisel yang punya double impact :
- Hemat Devisa Negara dgn berkurangnya import solar,
- Efisiensi biaya logistik umumnya transp umum ( truck-bis) menggunakan biosolar dgn harga 6k yg harusnya tanpa subsidi sawit harga ekonominya 10k 🔥",3,False,"menarik, bang konteksnya ketahanan energi, dibahas peran dana kutipan export sawit t/thn, u/ subsidi biodisel double impact : - hemat devisa negara berkurangnya import solar, - efisiensi biaya logistik transp ( truck-bis) biosolar harga k subsidi sawit harga ekonominya k","menarik, bang karena konteksnya ketahanan energi, perlu juga dibahas peran dana kutipan export sawit t/thn, yg digunakan u/ subsidi biodisel yang punya double impact : - hemat devisa negara dengan berkurangnya import solar, - efisiensi biaya logistik umumnya transp umum ( truck-bis) menggunakan biosolar dengan harga k yg harusnya tanpa subsidi sawit harga ekonominya k","menarik, bang konteksnya ketahanan energi, dibahas peran dana kutipan export sawit t/thn, u/ subsidi biodisel double impact : - hemat devisa negara berkurangnya import solar, - efisiensi biaya logistik transp ( truck-bis) biosolar harga k subsidi sawit harga ekonominya k",380,57,271,40
"Pertanyaannya sederhana, apakah tidak ada pejabat pemerintah disana tidak bisa menghitung seperti utas ini? Tentu saja tidak mungkin dong. Pasti mereka tau, mengerti dan paham akan hitung2an seperti ini. Selanjutnya tinggal seperti apa strategi yang akan ditempuh pemerinah?",0,False,"pertanyaannya sederhana, pejabat pemerintah disana menghitung utas ini? dong. tau, mengerti paham hitung an ini. tinggal strategi ditempuh pemerinah?","pertanyaannya sederhana, apakah tidak ada pejabat pemerintah disana tidak bisa menghitung seperti utas ini? tentu saja tidak mungkin dong. pasti mereka tau, mengerti dan paham akan hitung an seperti ini. selanjutnya tinggal seperti apa strategi yang akan ditempuh pemerinah?","pertanyaannya sederhana, pejabat pemerintah disana menghitung utas ini? dong. tau, mengerti paham hitung an ini. tinggal strategi ditempuh pemerinah?",274,38,149,19
"Mohon izin bapak presiden dan jajarannya @prabowo @tedsky89 🙏🏻 Coba ketika membuat program itu dikaji lebih dalam dampaknya dari segala sisi. Undang para ekonom, para ahli, akademisi. Bukan kita pesimis, tapi harus realistis negara ini masih berkembang. Berikan MBG di wilayah yang benar-benar perlu. PR dan kebutuhan negara ini masih banyak loh 🥹🥹",12,False,"mohon izin presiden jajarannya coba program dikaji dampaknya sisi. undang ekonom, ahli, akademisi. pesimis, realistis negara berkembang. makan bergizi gratis wilayah benar-benar perlu. pr kebutuhan negara loh 🥹🥹","mohon izin bapak presiden dan jajarannya coba ketika membuat program itu dikaji lebih dalam dampaknya dari segala sisi. undang para ekonom, para ahli, akademisi. bukan kita pesimis, tapi harus realistis negara ini masih berkembang. berikan makan bergizi gratis di wilayah yang benar-benar perlu. pr dan kebutuhan negara ini masih banyak loh 🥹🥹","mohon izin presiden jajarannya coba program dikaji dampaknya sisi. undang ekonom, ahli, akademisi. pesimis, realistis negara berkembang. makan bergizi gratis wilayah benar-benar perlu. pr kebutuhan negara loh 🥹🥹",348,53,211,28
Lebih kurang sama kayak anggaran MBG 1 tahun konsumsi BBM kita. Dalam setahun 🌚,1,False,kayak anggaran makan bergizi gratis konsumsi bahan bakar minyak kita. setahun,lebih kurang sama kayak anggaran makan bergizi gratis tahun konsumsi bahan bakar minyak kita. dalam setahun,kayak anggaran makan bergizi gratis konsumsi bahan bakar minyak kita. setahun,79,14,77,11
Selamatkan diri anda masing2 kawan.. Negara ini terlalu rusak dan gabisa dibenerin,2,False,selamatkan kawan.. negara rusak gabisa dibenerin,selamatkan diri anda masing kawan.. negara ini terlalu rusak dan gabisa dibenerin,selamatkan kawan.. negara rusak gabisa dibenerin,82,12,48,6
Gak nyantumin solusi pak prabowo buat pergi ke LN minta ke trump stop perang om @irwandiferry ?😂,1,False,nyantumin solusi prabowo pergi ln trump stop perang ?,tidak nyantumin solusi pak prabowo buat pergi ke ln minta ke trump stop perang om ?,nyantumin solusi prabowo pergi ln trump stop perang ?,96,17,53,9
Thanks bang kontennya,2,False,thanks bang kontennya,thanks bang kontennya,thanks bang kontennya,21,3,21,3
Plis lah ternyata kalo pemimpin adalah orang close mindset ada analisis apapun tetap maunya programnya berjalan ya. Pokoknya harus dituruti kemauannya😭,1,False,plis pemimpin orang close mindset analisis apapun maunya programnya berjalan ya. pokoknya dituruti kemauannya,plis lah ternyata kalau pemimpin adalah orang close mindset ada analisis apapun tetap maunya programnya berjalan ya. pokoknya harus dituruti kemauannya,plis pemimpin orang close mindset analisis apapun maunya programnya berjalan ya. pokoknya dituruti kemauannya,151,21,109,14
Yok sedia payung sebelum hujan badai guys 🙌,44,False,yok sedia payung hujan badai guys,yok sedia payung sebelum hujan badai guys,yok sedia payung hujan badai guys,43,8,33,6
"Setelah ketikan panjang lebar, mbg akan tetap dibagikan saat libur 😂",3,False,"ketikan lebar, makan bergizi gratis dibagikan libur","setelah ketikan panjang lebar, makan bergizi gratis akan tetap dibagikan saat libur","ketikan lebar, makan bergizi gratis dibagikan libur",68,11,51,7
Jogetin aja sih 😂,0,False,jogetin aja sih,jogetin aja sih,jogetin aja sih,17,4,15,3
Waktunya STOP MBG,1,False,stop makan bergizi gratis,waktunya stop makan bergizi gratis,stop makan bergizi gratis,17,3,25,4
Harga pertamax naik turun kek ingus 3 bulan terakhir kumaha ieu teh gusti,1,False,harga pertamax turun kek ingus kumaha ieu teh gusti,harga pertamax naik turun kek ingus bulan terakhir kumaha ieu teh gusti,harga pertamax turun kek ingus kumaha ieu teh gusti,73,13,51,9
Kek gini ini sebenarnya pemerintah tuh tau gak ya ? Terus kita ini kudu ngapain gitu mereka tau gak ya harus ngarahin kita harus apa gitu 🙏,0,False,kek pemerintah tuh tau ? kudu ngapain tau ngarahin,kek begini ini sebenarnya pemerintah tuh tau tidak iya ? terus kita ini kudu ngapain begitu mereka tau tidak iya harus ngarahin kita harus apa begitu,kek pemerintah tuh tau ? kudu ngapain tau ngarahin,139,27,50,9
"bg @irwandiferry kalau artinya harga minyak tinggi kenapa pemerintah malah mau impor dari amerika yang dari beberapa sumber berita  pemerintah mau impor dari amerika untuk menggantikan minyak dari timur tengah kenapa tidak ke rusia, jika indonesia bebas aktif maka indonesia secara politik dan demi bangsa bukannya milih minyak yang lebih murah lebih masuk akal?",0,False,"bg harga minyak pemerintah impor amerika sumber berita pemerintah impor amerika menggantikan minyak timur rusia, indonesia bebas aktif indonesia politik bangsa milih minyak murah masuk akal?","bg kalau artinya harga minyak tinggi kenapa pemerintah malah mau impor dari amerika yang dari beberapa sumber berita pemerintah mau impor dari amerika untuk menggantikan minyak dari timur tengah kenapa tidak ke rusia, jika indonesia bebas aktif maka indonesia secara politik dan demi bangsa bukannya milih minyak yang lebih murah lebih masuk akal?","bg harga minyak pemerintah impor amerika sumber berita pemerintah impor amerika menggantikan minyak timur rusia, indonesia bebas aktif indonesia politik bangsa milih minyak murah masuk akal?",362,54,190,26
gara2 MBG kebutuhan juga pada naik contohnya ayam.. harga ayam jdi mahal krn suplier ayam mengutamakan MBG alhasil yg f pasar2 kosong atau minim stock jadilah lonjakan harga. 😢,2,False,gara makan bergizi gratis kebutuhan contohnya ayam.. harga ayam jdi mahal suplier ayam mengutamakan makan bergizi gratis alhasil f pasar kosong minim stock lonjakan harga.,gara makan bergizi gratis kebutuhan juga pada naik contohnya ayam.. harga ayam jdi mahal karena suplier ayam mengutamakan makan bergizi gratis alhasil yg f pasar kosong atau minim stock jadilah lonjakan harga.,gara makan bergizi gratis kebutuhan contohnya ayam.. harga ayam jdi mahal suplier ayam mengutamakan makan bergizi gratis alhasil f pasar kosong minim stock lonjakan harga.,176,29,171,25
Lelah liat mbg,41,False,lelah liat makan bergizi gratis,lelah liat makan bergizi gratis,lelah liat makan bergizi gratis,14,3,31,5
"Bener bang, bensin itu hal yg sangat fundamental bagi negara kita (sangat berpegaruh untuk roda perekonomian, industri dan transportasi nasional) jadi kalau naik,  sangat benar alokasi fiskal pasti bengkak untuk menutupi subsidi dan kompensasi energi. Untuk kondisi spt ini memang baiknya pemerintah pusat @prabowo @sekertariat_presiden @gerindra mengkaji ulang program nasional. Spt MBG mungkin banyak hal bisa dikaji, keadilan bukan berarti sama rata pak (tapi adanya  kemerataan). Kalau memang bapak presiden ga mau memberhentikan MBG, mungkin kedepannya program ini dilaksanakan cukup di daerah 3T , daerah yg angka stunting tinggi atau daerah Miskin (kan bisa kerjasama dengan @bps_statistics  untuk data Gk,P1,P2. Lalu untuk koperasi merah putih, kami warga awam memang tidak tahu apa dampak strategis program itu, tapi bukannya dampak itu harusnya bisa dirasakan masyarakat luas? Sejauh ini belum ada dampaknya untuk masyarakat kalangan Bawah pak, jadi apa guna programnya? Baiknya di hentikan. @kemenkeuri juga udah bisa lebih berbenah, gaji pegawai kalian tinggi loh dibandingkan pemda dan Kementrian lain, harusnya lebih kreatif dan kompeten dalam masalah pemungutan pajak Pph badan dan pajak perorangan (ini juga salah satu faktor krusial dalam menyehatkan Apbn.",2,False,"bener bang, bensin fundamental negara (sangat berpegaruh roda perekonomian, industri transportasi nasional) naik, alokasi fiskal bengkak menutupi subsidi kompensasi energi. kondisi baiknya pemerintah pusat mengkaji ulang program nasional. makan bergizi gratis dikaji, keadilan (tapi kemerataan). presiden memberhentikan mbg, kedepannya program dilaksanakan daerah t , daerah angka stunting daerah miskin (kan kerjasama data gk,p ,p . koperasi merah putih, warga awam dampak strategis program itu, dampak dirasakan masyarakat luas? dampaknya masyarakat kalangan pak, programnya? baiknya hentikan. udah berbenah, gaji pegawai loh dibandingkan pemda kementrian lain, kreatif kompeten pemungutan pajak pph badan pajak perorangan (ini salah faktor krusial menyehatkan apbn.","bener bang, bensin itu hal yg sangat fundamental bagi negara kita (sangat berpegaruh untuk roda perekonomian, industri dan transportasi nasional) jadi kalau naik, sangat benar alokasi fiskal pasti bengkak untuk menutupi subsidi dan kompensasi energi. untuk kondisi seperti ini memang baiknya pemerintah pusat mengkaji ulang program nasional. seperti makan bergizi gratis mungkin banyak hal bisa dikaji, keadilan bukan berarti sama rata pak (tapi adanya kemerataan). kalau memang bapak presiden tidak mau memberhentikan mbg, mungkin kedepannya program ini dilaksanakan cukup di daerah t , daerah yg angka stunting tinggi atau daerah miskin (kan bisa kerjasama dengan untuk data gk,p ,p . lalu untuk koperasi merah putih, kami warga awam memang tidak tahu apa dampak strategis program itu, tapi bukannya dampak itu harusnya bisa dirasakan masyarakat luas? sejauh ini belum ada dampaknya untuk masyarakat kalangan bawah pak, jadi apa guna programnya? baiknya di hentikan. juga udah bisa lebih berbenah, gaji pegawai kalian tinggi loh dibandingkan pemda dan kementrian lain, harusnya lebih kreatif dan kompeten dalam masalah pemungutan pajak pph badan dan pajak perorangan (ini juga salah satu faktor krusial dalam menyehatkan apbn.","bener bang, bensin fundamental negara (sangat berpegaruh roda perekonomian, industri transportasi nasional) naik, alokasi fiskal bengkak menutupi subsidi kompensasi energi. kondisi baiknya pemerintah pusat mengkaji ulang program nasional. makan bergizi gratis dikaji, keadilan (tapi kemerataan). presiden memberhentikan mbg, kedepannya program dilaksanakan daerah t , daerah angka stunting daerah miskin (kan kerjasama data gk,p ,p . koperasi merah putih, warga awam dampak strategis program itu, dampak dirasakan masyarakat luas? dampaknya masyarakat kalangan pak, programnya? baiknya hentikan. udah berbenah, gaji pegawai loh dibandingkan pemda kementrian lain, kreatif kompeten pemungutan pajak pph badan pajak perorangan (ini salah faktor krusial menyehatkan apbn.",1273,181,768,98
Yg kontra mbg berarti gak bersyukur 🙏,0,False,kontra makan bergizi gratis bersyukur,yg kontra makan bergizi gratis berarti tidak bersyukur,kontra makan bergizi gratis bersyukur,37,7,37,5
"nah pmrnth blg,jgn kritik aja tp ga ngasi solusi.ini udh dikasi.kalo masih degil aja,berarti emg omon2 tone deaf sih @prabowo @gerindra",10,False,"pmrnth blg,jgn kritik aja ngasi solusi.ini udh dikasi.kalo degil aja,berarti emg omon tone deaf sih","nah pmrnth blg,jgn kritik aja tapi tidak ngasi solusi.ini udh dikasi.kalo masih degil aja,berarti emg omon tone deaf sih","pmrnth blg,jgn kritik aja ngasi solusi.ini udh dikasi.kalo degil aja,berarti emg omon tone deaf sih",135,21,99,15
"Salah semua solusimu Ferry. Kalau defisit menyentuh angka 3% sesuai UU dan harus segera diturunkan dan misalnya harus dengan mengorbankan MBG. Maka, angka 3% nya ganti ke 4-5%, ini solusi mudah dan cepat. Jadi masih ada di bawah batas standar, aman-aman aja. Daripada solusimu ribet dan memusingkan, lebih baik jalur cepat saja. Hidup Prabowo!",6,False,"salah solusimu ferry. defisit menyentuh angka % sesuai uu diturunkan mengorbankan mbg. maka, angka % nya ganti - %, solusi mudah cepat. batas standar, aman-aman aja. solusimu ribet memusingkan, jalur cepat saja. hidup prabowo!","salah semua solusimu ferry. kalau defisit menyentuh angka % sesuai uu dan harus segera diturunkan dan misalnya harus dengan mengorbankan mbg. maka, angka % nya ganti ke - %, ini solusi mudah dan cepat. jadi masih ada di bawah batas standar, aman-aman aja. daripada solusimu ribet dan memusingkan, lebih baik jalur cepat saja. hidup prabowo!","salah solusimu ferry. defisit menyentuh angka % sesuai uu diturunkan mengorbankan mbg. maka, angka % nya ganti - %, solusi mudah cepat. batas standar, aman-aman aja. solusimu ribet memusingkan, jalur cepat saja. hidup prabowo!",343,54,226,34
@irhs_c mudeng ora?,0,False,mudeng ora?,mudeng ora?,mudeng ora?,19,3,11,2
Bismillah MBG ilang,0,False,bismillah makan bergizi gratis ilang,bismillah makan bergizi gratis ilang,bismillah makan bergizi gratis ilang,19,3,36,5
"Kalau ada yg bilang ini ujaran kebencian , perlu di pertanyakan sih keberadaan otak nya .",2,False,"bilang ujaran kebencian , sih keberadaan otak nya .","kalau ada yg bilang ini ujaran kebencian , perlu di pertanyakan sih keberadaan otak nya .","bilang ujaran kebencian , sih keberadaan otak nya .",89,16,51,9
"Gapapa, kita nanti ngisi kendaraan pake MBG. Supaya kendaraan kita bergizi😂",2,False,"gapapa, ngisi kendaraan pake mbg. kendaraan bergizi","gapapa, kita nanti ngisi kendaraan pake mbg. supaya kendaraan kita bergizi","gapapa, ngisi kendaraan pake mbg. kendaraan bergizi",75,11,51,7
"sehat"" gen z. cari jalan kedepannya makin ribet perihal government gajelas:')",2,False,"sehat"" gen z. cari jalan kedepannya ribet perihal government gajelas:')","sehat"" gen z. cari jalan kedepannya makin ribet perihal government gajelas:')","sehat"" gen z. cari jalan kedepannya ribet perihal government gajelas:')",77,11,71,10
"Org pejabatnya kebanyakan inkompetensi gimana bisa mengatasi problematika di negara ini, sampe ada yang dengan pedenya tau urusan HAM sampe bilang banyak sertifikasi.. Emg sertifikasi bisa jadi jaminan? Hahaha ijazah aja bisa dipalsukan apalagi sertifikasi..",3,False,"org pejabatnya kebanyakan inkompetensi gimana mengatasi problematika negara ini, sampe pedenya tau urusan ham sampe bilang sertifikasi.. emg sertifikasi jaminan? hahaha ijazah aja dipalsukan sertifikasi..","org pejabatnya kebanyakan inkompetensi gimana bisa mengatasi problematika di negara ini, sampe ada yang dengan pedenya tau urusan ham sampe bilang banyak sertifikasi.. emg sertifikasi bisa jadi jaminan? hahaha ijazah aja bisa dipalsukan apalagi sertifikasi..","org pejabatnya kebanyakan inkompetensi gimana mengatasi problematika negara ini, sampe pedenya tau urusan ham sampe bilang sertifikasi.. emg sertifikasi jaminan? hahaha ijazah aja dipalsukan sertifikasi..",258,35,204,25
Kira² pengambil kebijakan paham ga analisis seperti ini?,3,False,kira² pengambil kebijakan paham analisis ini?,kira² pengambil kebijakan paham tidak analisis seperti ini?,kira² pengambil kebijakan paham analisis ini?,56,8,45,6
"Alah mah da, yang peduli jo kejadian ko ndak ado yang punyo kewenangan. Yang punyo kewenangan malah ndak peduli samo sekali. Panek-panek da peri se ko nyo.",1,False,"alah mah da, peduli jo kejadian ndak ado punyo kewenangan. punyo kewenangan ndak peduli samo sekali. panek-panek da peri nyo.","alah mah da, yang peduli jo kejadian kok ndak ado yang punyo kewenangan. yang punyo kewenangan malah ndak peduli samo sekali. panek-panek da peri se kok nyo.","alah mah da, peduli jo kejadian ndak ado punyo kewenangan. punyo kewenangan ndak peduli samo sekali. panek-panek da peri nyo.",155,27,125,20
@irwandiferry punya kepala negara yang gak ngerti ekonomi susah ya bang 😭,1,False,kepala negara ngerti ekonomi susah bang,punya kepala negara yang tidak ngerti ekonomi susah iya bang,kepala negara ngerti ekonomi susah bang,73,12,39,6
Menghargai kompleksitas adalah langkah pertama untuk tidak jadi sok tahu.,1,False,menghargai kompleksitas langkah sok tahu.,menghargai kompleksitas adalah langkah pertama untuk tidak jadi sok tahu.,menghargai kompleksitas langkah sok tahu.,73,10,41,5
Apakah Lansia itu punya Daya berpikir kayak Ferry Irwandi? 🙏🏻,3,False,lansia daya berpikir kayak ferry irwandi?,apakah lansia itu punya daya berpikir kayak ferry irwandi?,lansia daya berpikir kayak ferry irwandi?,61,10,41,6
Ora urus yang penting mbg jalan terus 👏,2,False,ora urus makan bergizi gratis jalan,ora urus yang penting makan bergizi gratis jalan terus,ora urus makan bergizi gratis jalan,39,8,35,6
Lagu Ghiblinya santuy banget bang 🤣 🙌,19,False,lagu ghiblinya santuy bang 🤣,lagu ghiblinya santuy banget bang 🤣,lagu ghiblinya santuy bang 🤣,37,7,28,5
Mohon izin pak bapak yang kami hormati 🙏🏼🙏🏼 @prabowo @menkeuri @anggarakaprabowo @dpr_ri @sekretariat.kabinet @kemenkeuri @presidenrepublikindonesia @teddy_hq,45,False,mohon izin hormati .kabinet,mohon izin pak bapak yang kami hormati .kabinet,mohon izin hormati .kabinet,158,16,27,4
Stop MBG Stop KopDes Stop Sekolah Rakyat Stop Gentengisasi,1,False,stop makan bergizi gratis stop kopdes stop sekolah rakyat stop gentengisasi,stop makan bergizi gratis stop kopdes stop sekolah rakyat stop gentengisasi,stop makan bergizi gratis stop kopdes stop sekolah rakyat stop gentengisasi,58,9,75,11
"YYAH GIMANA LEBARAN MBG TETAP JALAN , apa ga curiga lu pada ama kepala BGN tu🗿",43,False,"yyah gimana lebaran makan bergizi gratis jalan , curiga lu ama kepala bgn tu","yyah gimana lebaran makan bergizi gratis tetap jalan , apa tidak curiga lu pada ama kepala bgn tu","yyah gimana lebaran makan bergizi gratis jalan , curiga lu ama kepala bgn tu",78,16,76,14
"Kayanya lu lebih pinter dari pemerintah deh bang, eh tapi pemerintah ""mungkin aja"" lebih pinter dari Ferry juga si, tapi apakah akan ""lebih peduli?"" 🤔 😅",4,False,"kayanya lu pinter pemerintah deh bang, eh pemerintah ""mungkin aja"" pinter ferry si, ""lebih peduli?"" 🤔","kayanya lu lebih pinter dari pemerintah deh bang, eh tapi pemerintah ""mungkin aja"" lebih pinter dari ferry juga si, tapi apakah akan ""lebih peduli?"" 🤔","kayanya lu pinter pemerintah deh bang, eh pemerintah ""mungkin aja"" pinter ferry si, ""lebih peduli?"" 🤔",152,26,101,16
"Sebenarnya dalam banyak hal, masyarakat kita bisa mandiri. Energi: ada kayu bakar, dulu ada minyak tanah , arang dll. Bisa juga switch ke kompor listrik.  Untuk listrik pun banyak yg inisiatif pake solar panel. Pun dalam hal konsumsi makanan, banyak pangan lokal dan sebenernya kita makan melebihi kebutuhan. Setuju kalau pemerintah memberikan pembatasan subsidi dan penghematan.",1,False,"hal, masyarakat mandiri. energi: kayu bakar, minyak tanah , arang dll. switch kompor listrik. listrik inisiatif pake solar panel. konsumsi makanan, pangan lokal sebenernya makan melebihi kebutuhan. setuju pemerintah pembatasan subsidi penghematan.","sebenarnya dalam banyak hal, masyarakat kita bisa mandiri. energi: ada kayu bakar, dulu ada minyak tanah , arang dll. bisa juga switch ke kompor listrik. untuk listrik pun banyak yg inisiatif pake solar panel. pun dalam hal konsumsi makanan, banyak pangan lokal dan sebenernya kita makan melebihi kebutuhan. setuju kalau pemerintah memberikan pembatasan subsidi dan penghematan.","hal, masyarakat mandiri. energi: kayu bakar, minyak tanah , arang dll. switch kompor listrik. listrik inisiatif pake solar panel. konsumsi makanan, pangan lokal sebenernya makan melebihi kebutuhan. setuju pemerintah pembatasan subsidi penghematan.",379,56,247,32
gmna bray mo jdi bandar minyak g ? @hapizilhamm,0,False,gmna bray mo jdi bandar minyak g ?,gmna bray mo jdi bandar minyak g ?,gmna bray mo jdi bandar minyak g ?,47,9,34,8
"Semoga pak seskab, menkeu, men esdm baca dan terima masukan",66,False,"semoga seskab, menkeu, men esdm baca terima masukan","semoga pak seskab, menkeu, men esdm baca dan terima masukan","semoga seskab, menkeu, men esdm baca terima masukan",59,10,51,8
"Tolong dibaca, dipahami, diresapi.  @prabowo @prabowo.gibran2 @purbayayudhi.official @bahlillahadalia",0,False,"tolong dibaca, dipahami, diresapi. .gibran .official","tolong dibaca, dipahami, diresapi. .gibran .official","tolong dibaca, dipahami, diresapi. .gibran .official",101,8,52,6
"Tp pemerintah ttp milih gas MBG, beli mobil koperasi merah putih dan belanja lain yg ga jelas tujuannya
Uda ditahap mmng mikir pemerintah mau negara ini bubar🙏",1,False,"pemerintah ttp milih gas mbg, beli mobil koperasi merah putih belanja tujuannya uda ditahap mmng mikir pemerintah negara bubar","tapi pemerintah ttp milih gas mbg, beli mobil koperasi merah putih dan belanja lain yg tidak jelas tujuannya uda ditahap mmng mikir pemerintah mau negara ini bubar","pemerintah ttp milih gas mbg, beli mobil koperasi merah putih belanja tujuannya uda ditahap mmng mikir pemerintah negara bubar",159,27,126,19
Gak bisa stop dulu ya MBG?,0,False,stop mbg?,tidak bisa stop dulu iya mbg?,stop mbg?,26,6,9,2
"Pejabat konoha mana mau dikasih masukan kaya gini? Mereka cuma peduli sama perut sendiri. Bahkan mereka anggap klo nerima masukan dari rakyat artinya adalah kelemahan bagi mereka. Mereka enggak mau dapet masukan sekalipun dari rakyat yg bijak. 

Pengalaman soalnya. pemerintah isinya kebanyakannya ordal semua yg gatau keahliannya apa.",1,False,pejabat konoha dikasih masukan kaya gini? peduli perut sendiri. anggap nerima masukan rakyat kelemahan mereka. dapet masukan rakyat bijak. pengalaman soalnya. pemerintah isinya kebanyakannya ordal gatau keahliannya apa.,pejabat konoha mana mau dikasih masukan kaya gini? mereka cuma peduli sama perut sendiri. bahkan mereka anggap klo nerima masukan dari rakyat artinya adalah kelemahan bagi mereka. mereka enggak mau dapet masukan sekalipun dari rakyat yg bijak. pengalaman soalnya. pemerintah isinya kebanyakannya ordal semua yg gatau keahliannya apa.,pejabat konoha dikasih masukan kaya gini? peduli perut sendiri. anggap nerima masukan rakyat kelemahan mereka. dapet masukan rakyat bijak. pengalaman soalnya. pemerintah isinya kebanyakannya ordal gatau keahliannya apa.,335,48,219,28
"👍 nah kritik dengan pandang dan ynag membangun serta problem solving seperti ini yg sekarang dibutuhkan dan sudah langka di Indonesia, dan semoga jd budaya. Bukan kritik dengan narasi dan diksi menjatuhkan atau kebencian yg tidak rasional. Bagaimanapun pemerintah tetap membutuhkan masyarakatnya untuk memberikan kritik, saran, dan pendapat untuk saling mencari solusi, bukan pembenaran untuk saling membenci. Sehat slalu bang @irwandiferry semoga dengan besar hati, dan mempertimbangkan sgala hal pak @prabowo dan team nya mengambil kebijakan yg terbaik dari masukkan2 yang ada.",0,False,"kritik pandang ynag membangun problem solving dibutuhkan langka indonesia, semoga jd budaya. kritik narasi diksi menjatuhkan kebencian rasional. pemerintah membutuhkan masyarakatnya kritik, saran, pendapat mencari solusi, pembenaran membenci. sehat slalu bang semoga hati, mempertimbangkan sgala team nya mengambil kebijakan terbaik masukkan ada.","nah kritik dengan pandang dan ynag membangun serta problem solving seperti ini yg sekarang dibutuhkan dan sudah langka di indonesia, dan semoga jd budaya. bukan kritik dengan narasi dan diksi menjatuhkan atau kebencian yg tidak rasional. bagaimanapun pemerintah tetap membutuhkan masyarakatnya untuk memberikan kritik, saran, dan pendapat untuk saling mencari solusi, bukan pembenaran untuk saling membenci. sehat slalu bang semoga dengan besar hati, dan mempertimbangkan sgala hal pak dan team nya mengambil kebijakan yg terbaik dari masukkan yang ada.","kritik pandang ynag membangun problem solving dibutuhkan langka indonesia, semoga jd budaya. kritik narasi diksi menjatuhkan kebencian rasional. pemerintah membutuhkan masyarakatnya kritik, saran, pendapat mencari solusi, pembenaran membenci. sehat slalu bang semoga hati, mempertimbangkan sgala team nya mengambil kebijakan terbaik masukkan ada.",579,82,346,42
"Jadi gini gaes, Shadam Hussein pernah bilang, lu kalau mau jadi negara superpower, kuasain minyak. Dan inilah yg dilakuin Trump bersama sohibnya si Netanyahu. Pertama, mereka kuasain Venezuela buat ambil pasokan minyaknya. Kedua, mereka panas panasin mau caplok Greenland buat nakutin Eropa, karena beberapa negara Eropa udah mulai ngelawan narasi Pro Zionis. Ketiga, mereka nargetin Iran, yg emang sejak lama jadi musuh bebuyutan (AS dan Israel) dan jadi pemasok minyak di Timur Tengah selain negara Arab. Keempat, agenda mereka mau bikin kelangkaan minyak dunia dgn penutupan selat Hormuz oleh Iran (yg tentu udah mereka prediksi), lalu bikin psyop ngeledakin kilang minyak Qatar dan Saudi seolah itu ulah Iran padahal kagak. Kelima, mereka serang kilang minyak Iran biar makin langka dah pasokan minyak, utamanya buat nekan Cina yg bergantung banget ke impor energi buat industri mereka. Ujungnya, banyak negara bakal lari ke pasokan minyak Amerika meski jauh dan mahal. No choice here. Indonesia jg udah bilang kan mau impor ke US. Inilah bisnis perang Trump dan Netanyahu itu.",7207,False,"gaes, shadam hussein bilang, lu negara superpower, kuasain minyak. dilakuin trump sohibnya si netanyahu. pertama, kuasain venezuela ambil pasokan minyaknya. kedua, panas panasin caplok greenland nakutin eropa, negara eropa udah ngelawan narasi pro zionis. ketiga, nargetin iran, emang musuh bebuyutan (as israel) pemasok minyak timur negara arab. keempat, agenda bikin kelangkaan minyak dunia penutupan selat hormuz iran (yg udah prediksi), bikin psyop ngeledakin kilang minyak qatar saudi ulah iran kagak. kelima, serang kilang minyak iran biar langka dah pasokan minyak, utamanya nekan cina bergantung impor energi industri mereka. ujungnya, negara lari pasokan minyak amerika mahal. no choice here. indonesia udah bilang impor us. bisnis perang trump netanyahu itu.","jadi begini gaes, shadam hussein pernah bilang, lu kalau mau jadi negara superpower, kuasain minyak. dan inilah yg dilakuin trump bersama sohibnya si netanyahu. pertama, mereka kuasain venezuela buat ambil pasokan minyaknya. kedua, mereka panas panasin mau caplok greenland buat nakutin eropa, karena beberapa negara eropa udah mulai ngelawan narasi pro zionis. ketiga, mereka nargetin iran, yg emang sejak lama jadi musuh bebuyutan (as dan israel) dan jadi pemasok minyak di timur tengah selain negara arab. keempat, agenda mereka mau bikin kelangkaan minyak dunia dengan penutupan selat hormuz oleh iran (yg tentu udah mereka prediksi), lalu bikin psyop ngeledakin kilang minyak qatar dan saudi seolah itu ulah iran padahal kagak. kelima, mereka serang kilang minyak iran biar makin langka dah pasokan minyak, utamanya buat nekan cina yg bergantung banget ke impor energi buat industri mereka. ujungnya, banyak negara bakal lari ke pasokan minyak amerika meski jauh dan mahal. no choice here. indonesia juga udah bilang kan mau impor ke us. inilah bisnis perang trump dan netanyahu itu.","gaes, shadam hussein bilang, lu negara superpower, kuasain minyak. dilakuin trump sohibnya si netanyahu. pertama, kuasain venezuela ambil pasokan minyaknya. kedua, panas panasin caplok greenland nakutin eropa, negara eropa udah ngelawan narasi pro zionis. ketiga, nargetin iran, emang musuh bebuyutan (as israel) pemasok minyak timur negara arab. keempat, agenda bikin kelangkaan minyak dunia penutupan selat hormuz iran (yg udah prediksi), bikin psyop ngeledakin kilang minyak qatar saudi ulah iran kagak. kelima, serang kilang minyak iran biar langka dah pasokan minyak, utamanya nekan cina bergantung impor energi industri mereka. ujungnya, negara lari pasokan minyak amerika mahal. no choice here. indonesia udah bilang impor us. bisnis perang trump netanyahu itu.",1081,167,768,108
"Tenang:
”Lelaki yang sangat saya suka, benar-benar tangguh, saya tidak mau melawannya, Presiden Prabowo Subianto dari Indonesia,”
— Donald Trump, Kamis (19/2/2026)",1319,False,"tenang: ”lelaki suka, benar-benar tangguh, melawannya, presiden prabowo subianto indonesia,” — donald trump, kamis ( / / )","tenang: ”lelaki yang sangat saya suka, benar-benar tangguh, saya tidak mau melawannya, presiden prabowo subianto dari indonesia,” — donald trump, kamis ( / / )","tenang: ”lelaki suka, benar-benar tangguh, melawannya, presiden prabowo subianto indonesia,” — donald trump, kamis ( / / )",163,22,122,18
