postId,postUrl,commentId,commentUrl,text,timestamp,likesCount,userId,username,userFullName,ownerProfilePicUrl,owner,ownerUsername,isVerified,hasLikedComment,childCommentCount,repliesCount,replies
3849577890770424477,https://www.instagram.com/p/DVscrIakZKd/,17959891683065612,https://www.instagram.com/p/DVscrIakZKd/c/17959891683065612/,"TOLONG BANTU WARGA KALTIM PERIHAL 
POLITIK DINASTI KALTIM YANG AROGAN DAN ANTI KRITIK

GUBERNUR rudy mas’ud

KETUA DPRD KALTIM hasanuddin mas’ud 

WALIKOTA BALIKPAPAN Rahmad mas’ud

ANGGOTA KOMISI VI DPR RI Sarifah suraidah (istri Rudy mas’ud)
KETUA KORMI sarifah suraidah (istri rudy mas’ud)
Ketua Tim Penggerak PKK Provinsi Kaltim , Bunda PAUD, Ketua Dekranasda, Bunda Literasi Provinsi Kalimantan Timur SARIFAH SURAIDAH

ANGGOTA DPRD KALTIM DAPIL PPU :Syahariah mas’ud

MANTAN BUPATI PASER : ghafur mas’ud (OTT KPK)

WAKIL KETUA 1 TAGUPP KALTIM Hijrah Mas’ud (adik gubernur) 

DIRUT RSUD beriman Bpp Ifransyah(suami hijrah mas’ud)

KETUA UMUM DPP HIMAD KALTIM : Edy Sakassa (suami Yuliana mas’ud)

KETUA Dprd balikpapan : Alwi 
(sepupu gubernur)

KABAG TU biro umum kaltim : ASMA 
(Kakak nya sarifah suraidah istri gubernur)

KABID RSUD AWS KALTIM : SYAHRIR (suami dr asma kakak istri nya gubernur)

KETUA KADIN KALTIM : Putri amanda 
(Keponakan dr gubernur )

PENGURUS KADIN KALTIM : Syahrah
(Anak gubernur kaltim)

CALON KETUA KONI KALTIM : ya pastinya BANI MAS’ud ) antara Syahariah mas’ud / ALWI 

BEBERAPA JABATAN LAINYA YANG D BERIKAN KEPADA PARA INFLUENCER serta MEDIA MEDIA LOKAL yang jadi garda terdepan pencitraan gubernur yg d bungkam dengan jabatan",1773134567,305,52692621,deeluvich,Deeluvich Diane Dinata,https://scontent.cdninstagram.com/v/t51.82787-19/541677212_18526850644020622_8904705344808690201_n.jpg?stp=dst-jpg_s150x150_tt6&_nc_cat=110&ccb=7-5&_nc_sid=f7ccc5&efg=eyJ2ZW5jb2RlX3RhZyI6InByb2ZpbGVfcGljLnd3dy4zNzQuQzMifQ%3D%3D&_nc_ohc=eAqS6NOIANkQ7kNvwG5lp5Z&_nc_oc=AdoCVN0d2T77I-iRnowHPC_p4TJlk_NSoumvn36eOQIuMT07_0kaCDoyb4YvNr3vBkM&_nc_zt=24&_nc_ht=scontent.cdninstagram.com&_nc_gid=_6yYtAFFBQodMXtw9Zr6Xw&_nc_ss=7a32e&oh=00_Afx_LezDd2H7izZdGkUkbrk_PZ5eayP-k0hCQbUpAKzEIw&oe=69C71B72,deeluvich,deeluvich,False,False,25,25,[]
3849577890770424477,https://www.instagram.com/p/DVscrIakZKd/,18381548155080639,https://www.instagram.com/p/DVscrIakZKd/c/18381548155080639/,"MBG, Koperasi Merah Putih dan gentengisasi hanya menambah beban fiskal, uangnya ga berputar di kelompok bawah. Yang menikmati hanya kalangan tertentu, dan mereka lebih banyak saving money sehingga roda ekonomi ga jalan.",1773127126,4843,1531907771,jhonsitorus8,Jhon Sitorus,https://scontent.cdninstagram.com/v/t51.82787-19/542242036_18522961279003772_6415970671066944269_n.jpg?stp=dst-jpg_s150x150_tt6&_nc_cat=109&ccb=7-5&_nc_sid=f7ccc5&efg=eyJ2ZW5jb2RlX3RhZyI6InByb2ZpbGVfcGljLnd3dy4xMDgwLkMzIn0%3D&_nc_ohc=qwCB6SMphUIQ7kNvwEnxYnD&_nc_oc=AdpI1y5WcN7j0kXleKs9Y3EdmJ0Dr_CgMdVTzi7WQQM4rCFBWf1aC5HCIDNSP3rZyRc&_nc_zt=24&_nc_ht=scontent.cdninstagram.com&_nc_gid=_6yYtAFFBQodMXtw9Zr6Xw&_nc_ss=7a32e&oh=00_AfyZ3Hux4wHGMQJXWYkf75WOqCjji9Y0bD8mUeLO0P2w0Q&oe=69C727DD,jhonsitorus8,jhonsitorus8,False,False,78,78,[]
3849577890770424477,https://www.instagram.com/p/DVscrIakZKd/,18571547308043160,https://www.instagram.com/p/DVscrIakZKd/c/18571547308043160/,"Izin bang komentar terkait ""MBG programm ineffeciancy"", izin nih MBG ada perputaran ekonomi nya yang bikin sektor rill dan ekonomi menengah kebawah masih berputar dan kuat, kalo kita bahas anggaran MBG memang terbilang besar tapi kalau dibilang ineffeciancy itu ngga juga karena pasar domestik kita juga yang membantu tatanan ekonomi Indonesia ini, karena kita juga tau kalau mayoritas penduduk Indonesia itu ekonomi kebawah jadi seengaknya ada terbantu dari program ini entah dari lapangan pekerjaan nya maupun manfaat nya. Jadi kurang tepat kalau dibilang ineffeciancy karena bang Ferry punya prespektif kontra. Dan anggaran itu juga ga menguap begitu saja karena ada wujud nya ketimbang anggaran tahun tahun sebelumnya yang ga ada MBG, dan program ini terbilang baru jadi wajar ada extended dipembiayaan nya, dan anggaran MBG juga diambil sebagian dari effeciancy anggaran negara untuk pembiayaan yang kurang bagus dampak langsung nya ke rakyat. (Maaf mungkin agak belibet, tapi yang mau saya tekankan untuk program MBG yang Abang bilang ineffeciancy menurut ku kurang tepat aja, karena sektor rill di program ini secara ekonomi nya juga berputar dan banyak yang merasakan, mungkin ada bocor bocor ke kantong tapi saya yakin mayoritas masih sangat kredible buat jalanin jadi Mitra SPPG, Dan ini jadi salah satu katalis kenapa disaat seperti ini Indonesia jadi salah satu negara aman ketika jadi perang, karena dari segi ekonomi lingkup kecil nya cukup aktif dan ada perputaran, ditambah Amit"" kalo kejadian perang, dapur SPPG bisa jadi area supply makanan layaknya bencana di Sumatra beberapa waktu lalu)🫸",1773148556,30,15878311788,4binnn_22,Bin Erubin,https://scontent.cdninstagram.com/v/t51.82787-19/557538418_18113953324535789_6843286562515034846_n.jpg?stp=dst-jpg_s150x150_tt6&_nc_cat=108&ccb=7-5&_nc_sid=f7ccc5&efg=eyJ2ZW5jb2RlX3RhZyI6InByb2ZpbGVfcGljLnd3dy4xMDgwLkMzIn0%3D&_nc_ohc=RIsXMxfh5JcQ7kNvwFaeppr&_nc_oc=AdrVcLa9mdUKRWqiCu-_WKakxowl1qeexZgvpjWd7Hg-J1dpp00FNRat-ZT79gbSy_4&_nc_zt=24&_nc_ht=scontent.cdninstagram.com&_nc_gid=_6yYtAFFBQodMXtw9Zr6Xw&_nc_ss=7a32e&oh=00_AfzGwnSZXnrWh9wddMmhU_siZ9Bliit2PYQzYKHeMLGMRw&oe=69C72018,4binnn_22,4binnn_22,False,False,75,75,[]
3849577890770424477,https://www.instagram.com/p/DVscrIakZKd/,17952271194095878,https://www.instagram.com/p/DVscrIakZKd/c/17952271194095878/,"akhirnya nemu jg org yg nulisnya normal, bkn memperkeruh. Mantap bang teruskan😭👍",1773125963,2359,4177464817,hurryyatialiyah12,Aliyah,https://scontent.cdninstagram.com/v/t51.82787-19/565143847_18408048952136818_4421999365957528145_n.jpg?stp=dst-jpg_s150x150_tt6&_nc_cat=103&ccb=7-5&_nc_sid=f7ccc5&efg=eyJ2ZW5jb2RlX3RhZyI6InByb2ZpbGVfcGljLnd3dy4xMDgwLkMzIn0%3D&_nc_ohc=LUfjclvDIcQQ7kNvwFkoEk7&_nc_oc=AdqHaSVgqyyAW3TuhuXouS5FqHmGVkwBhpgt-crOPp0aGkwsDgwrX05P4tAHbYHOqbM&_nc_zt=24&_nc_ht=scontent.cdninstagram.com&_nc_gid=_6yYtAFFBQodMXtw9Zr6Xw&_nc_ss=7a32e&oh=00_AfxNJTkbSD1V4AS-m1hVxYYokVS0V1yc-vux7cyDIJyoZA&oe=69C73F78,hurryyatialiyah12,hurryyatialiyah12,False,False,14,14,[]
3849577890770424477,https://www.instagram.com/p/DVscrIakZKd/,18104166064861405,https://www.instagram.com/p/DVscrIakZKd/c/18104166064861405/,Capek bngt liat MBG,1773125696,2880,1489697434,huantuu_,Hanntuu,https://scontent.cdninstagram.com/v/t51.82787-19/534434163_18520684135033435_8139887657804621821_n.jpg?stp=dst-jpg_s150x150_tt6&_nc_cat=110&ccb=7-5&_nc_sid=f7ccc5&efg=eyJ2ZW5jb2RlX3RhZyI6InByb2ZpbGVfcGljLnd3dy4xMDgwLkMzIn0%3D&_nc_ohc=tmAAX2hIGZIQ7kNvwHXp7Kl&_nc_oc=AdqonVnSwaFGhwQSwZkM9r1tG-ukq_Oh8cjg9vFRqT1L5WdoOAcM4Iou9gw2J36uQHY&_nc_zt=24&_nc_ht=scontent.cdninstagram.com&_nc_gid=_6yYtAFFBQodMXtw9Zr6Xw&_nc_ss=7a32e&oh=00_AfysYfOa_TuHvbp1juqeyg6c-i42PbPxqvp9CpsrZWxj0g&oe=69C73CB2,huantuu_,huantuu_,False,False,30,30,[]
3849577890770424477,https://www.instagram.com/p/DVscrIakZKd/,18088990448134387,https://www.instagram.com/p/DVscrIakZKd/c/18088990448134387/,"Udah ngomong panjang x lebar, pake data, analisis, dirangkumin, dikasih masukan lagi. Yuk bisa yuk didenger jangan dibilang antek antek asenk @prabowo @presidenrepublikindonesia @gerindra @gibran_rakabuming",1773176848,1457,53065377738,pikiaw,Fiqi Au,https://scontent.cdninstagram.com/v/t51.82787-19/568430783_18021772613769739_9056376226770081694_n.jpg?stp=dst-jpg_s150x150_tt6&_nc_cat=107&ccb=7-5&_nc_sid=f7ccc5&efg=eyJ2ZW5jb2RlX3RhZyI6InByb2ZpbGVfcGljLnd3dy42NDYuQzMifQ%3D%3D&_nc_ohc=4V9VvDqX0VcQ7kNvwEJCHOd&_nc_oc=AdpnMnb6v_wsLUU7rz39WgsKBCqgFwhqAieHOTsiOCwndV4JpOkoa1tZ9NrHxpLGXHY&_nc_zt=24&_nc_ht=scontent.cdninstagram.com&_nc_gid=_6yYtAFFBQodMXtw9Zr6Xw&_nc_ss=7a32e&oh=00_Afxgzxnh5_yK-bw2PaDE7H78JVvbQKjMi7MqHfwW6bw3kQ&oe=69C70ED6,pikiaw,pikiaw,False,False,32,32,[]
3849577890770424477,https://www.instagram.com/p/DVscrIakZKd/,17916168357312196,https://www.instagram.com/p/DVscrIakZKd/c/17916168357312196/,"MBG itu gk darurat, tolong lah, kalau mau mencegah stunting, perbanyak edukasi Ibu hamil dan gizi Ibu hamil. Kalau banyak anak dari ekonomi bawah yg butuh, utamakan mereka aja.  Ciptakan lapangan kerja, naikkan gaji para pekerja. mBG bukan solusi, gimana bisa dengan kasih makan sekali sehari gizi anak2 akan lebih baik? Di tambah kita lihat di lapangan menu yg di kasih sangat jauh dari nilai gizi yg di butuhkan. Ayolah pak @presidenrepublikindonesia  @prabowo  @gerindra  @teddy_hq  @gibran_rakabuming  jangan egois, jangan menutup mata, jangan arogan, g usah malu mengakui bahwa program ini memang gagal dan hanya jadi lahan korupsi yg tersistematis. Rakyat akan lebih bangga terhadap kalau Bapak mau mengakui dan mendengar keluhan rakyat. Katanya Bapak cinta rakyat, mana buktinya?",1773140199,1023,47839162555,derma_juntak,Derma Juntak Mamak Taza,https://scontent.cdninstagram.com/v/t51.82787-19/605875915_18071498555594556_6393040707660923589_n.jpg?stp=dst-jpg_s150x150_tt6&_nc_cat=101&ccb=7-5&_nc_sid=f7ccc5&efg=eyJ2ZW5jb2RlX3RhZyI6InByb2ZpbGVfcGljLnd3dy44NTMuQzMifQ%3D%3D&_nc_ohc=KqAXpbT1dS0Q7kNvwEevch8&_nc_oc=AdoLXsocEj-LaR9PrQ0XDW2vAWmS3KeeOnmbUX30hYraH7PSSYVEEKIOFG25T8-dRhc&_nc_zt=24&_nc_ht=scontent.cdninstagram.com&_nc_gid=_6yYtAFFBQodMXtw9Zr6Xw&_nc_ss=7a32e&oh=00_AfwKDiZDISgy_TcLN6OjC2mSsPF5qYZScqlpMfj4iLjiGQ&oe=69C72B08,derma_juntak,derma_juntak,False,False,17,17,[]
3849577890770424477,https://www.instagram.com/p/DVscrIakZKd/,18095800066823070,https://www.instagram.com/p/DVscrIakZKd/c/18095800066823070/,"Zaman SBY kita sering bgt tum kena gejolak Minyak Dunia. Dinamika nya sempet panas, tapi karena Kebijakan nya Pro-Growth dan penuh kehati-hatian, jadi Masyarakat ga terlalu kena dampaknya. Ekonomi ttep tumbuh bahkan nyentuh 6% di 2011. Pendapatnya tum @irwandiferry",1773126772,640,48627496,abinktidars,Muhamad Ambrikom Tidar,https://scontent.cdninstagram.com/v/t51.82787-19/513905154_18517552885051497_8942213874688958968_n.jpg?stp=dst-jpg_s150x150_tt6&_nc_cat=102&ccb=7-5&_nc_sid=f7ccc5&efg=eyJ2ZW5jb2RlX3RhZyI6InByb2ZpbGVfcGljLnd3dy4xMDgwLkMzIn0%3D&_nc_ohc=s0vE26vItEgQ7kNvwEZsyge&_nc_oc=AdoVngks2J9RiYPlehOFhPtZ5f--n7GTm_v3BVxH8SXzpm-VLGiwHqcAQjOsmLWwI48&_nc_zt=24&_nc_ht=scontent.cdninstagram.com&_nc_gid=_6yYtAFFBQodMXtw9Zr6Xw&_nc_ss=7a32e&oh=00_AfxJiVHsaJTSK9L9tJwB-bHI2ofeNwz1RhunEfS6F3Z3-A&oe=69C73BDB,abinktidars,abinktidars,False,False,12,12,[]
3849577890770424477,https://www.instagram.com/p/DVscrIakZKd/,18105772321847288,https://www.instagram.com/p/DVscrIakZKd/c/18105772321847288/,"Gapapa Bang, rakyat besok” kayanya kemana” baik kuda atau karpet terbang. Yang penting MBG tetap jalan 😅",1773125706,114,1261256348,in.vin.cibles,Vincent Limonty 張韋勝,https://scontent.cdninstagram.com/v/t51.82787-19/655227533_18578958415008349_8873021919233437141_n.jpg?stp=dst-jpg_s150x150_tt6&_nc_cat=1&ccb=7-5&_nc_sid=f7ccc5&efg=eyJ2ZW5jb2RlX3RhZyI6InByb2ZpbGVfcGljLnd3dy4xMDgwLkMzIn0%3D&_nc_ohc=zQx4ytWs7XwQ7kNvwHxpgmu&_nc_oc=AdoyEy65uIFIqChfjeRMtciQdFX9auQ0IhGmHvDzVlkQRMy6k4Q4gFqYIkT5wcK48Uc&_nc_zt=24&_nc_ht=scontent.cdninstagram.com&_nc_gid=_6yYtAFFBQodMXtw9Zr6Xw&_nc_ss=7a32e&oh=00_Afz-i4_ZSygjdPxAmYxd0GbrXvWvnIWDi6SophUUU3iNsQ&oe=69C73F5A,in.vin.cibles,in.vin.cibles,True,False,17,17,[]
3849577890770424477,https://www.instagram.com/p/DVscrIakZKd/,17988790469929215,https://www.instagram.com/p/DVscrIakZKd/c/17988790469929215/,"MBG libur dulu Napa, puasa juga kan",1773126085,161,33723060074,duniasekitar5,DUNIA SEKITAR,https://scontent.cdninstagram.com/v/t51.2885-19/337674210_6061203280625185_1078243988001949429_n.jpg?stp=dst-jpg_s150x150_tt6&_nc_cat=103&ccb=7-5&_nc_sid=f7ccc5&efg=eyJ2ZW5jb2RlX3RhZyI6InByb2ZpbGVfcGljLnd3dy4xMDgwLkMzIn0%3D&_nc_ohc=ld8x7Ng8AWMQ7kNvwFwJneI&_nc_oc=AdqkhDtUQltMBLj2p_xNFoXRgvetZEZwiqMB_x2M6VHVRLMyRJaKgmd4XBSwudT7XLc&_nc_zt=24&_nc_ht=scontent.cdninstagram.com&_nc_ss=7a32e&oh=00_AfzAZgxW_09FUFBT6KqfOq7aAaNLi7tNutvjAvYGr_4_VQ&oe=69C72AF5,duniasekitar5,duniasekitar5,False,False,29,29,[]
3849577890770424477,https://www.instagram.com/p/DVscrIakZKd/,18363503230162267,https://www.instagram.com/p/DVscrIakZKd/c/18363503230162267/,Ngerti pak @prabowo ?,1773128696,2,517408490,geridioteque,Geridio Lazardi,https://scontent.cdninstagram.com/v/t51.82787-19/587762155_18540798601032491_6921530544258642595_n.jpg?stp=dst-jpg_s150x150_tt6&_nc_cat=107&ccb=7-5&_nc_sid=f7ccc5&efg=eyJ2ZW5jb2RlX3RhZyI6InByb2ZpbGVfcGljLnd3dy4xMDgwLkMzIn0%3D&_nc_ohc=VH59_uXn-rMQ7kNvwG3jNKg&_nc_oc=AdqSB9ukymb_LdMZa_9A8jCU9HJytmoKTCAlQsSU1OhLeNF8ooh5fHn-ciSgy6b3FGA&_nc_zt=24&_nc_ht=scontent.cdninstagram.com&_nc_gid=_6yYtAFFBQodMXtw9Zr6Xw&_nc_ss=7a32e&oh=00_AfwRCXID4kIaX99uTtSEPa9M0pA5564_tS5gFh4qjzfg1Q&oe=69C70EDE,geridioteque,geridioteque,False,False,6,6,[]
3849577890770424477,https://www.instagram.com/p/DVscrIakZKd/,18145345924466195,https://www.instagram.com/p/DVscrIakZKd/c/18145345924466195/,Mbg ladang cari cuan jir,1773125632,683,6980376680,mhalik_in,al mhalik husein,https://scontent.cdninstagram.com/v/t51.2885-19/140373382_198408918654611_3546187687016626462_n.jpg?stp=dst-jpg_s150x150_tt6&_nc_cat=103&ccb=7-5&_nc_sid=f7ccc5&efg=eyJ2ZW5jb2RlX3RhZyI6InByb2ZpbGVfcGljLnd3dy4xMDgwLkMzIn0%3D&_nc_ohc=busfPkQYlQIQ7kNvwEevxbl&_nc_oc=AdpWDZER7f_dDSB7FSAhJ9IWWrspGHdZuleNrkY_T2f6tOMOXz--jNZJbwDMmObCzlo&_nc_zt=24&_nc_ht=scontent.cdninstagram.com&_nc_ss=7a32e&oh=00_AfwMhstSic_pI28DhEhvRs2P5c4QBRkfcMm9iTQzptPouA&oe=69C73430,mhalik_in,mhalik_in,False,False,15,15,[]
3849577890770424477,https://www.instagram.com/p/DVscrIakZKd/,18106554226884775,https://www.instagram.com/p/DVscrIakZKd/c/18106554226884775/,Subsidi mobil dan motor listrik + pembagian Kompor listrik biar tidak bergantung pada import karena listrik kita di dukung Oleh batu bara yg melimpah 👍👍,1773125712,22,3027058749,frigamahardita,Friga Mahardita,https://scontent.cdninstagram.com/v/t51.2885-19/13298074_1712287139022618_351436540_a.jpg?stp=dst-jpg_s150x150_tt6&_nc_cat=103&ccb=7-5&_nc_sid=f7ccc5&efg=eyJ2ZW5jb2RlX3RhZyI6InByb2ZpbGVfcGljLnd3dy45NjAuQzMifQ%3D%3D&_nc_ohc=hWR5XtbUG6sQ7kNvwGXa7yA&_nc_oc=Ado4V1ciyhi6eHU1fYgtfVo6VAcaIpueLByCKPeZtztqT_7oquJJ14LEDPvL9pWecA4&_nc_zt=24&_nc_ht=scontent.cdninstagram.com&_nc_ss=7a32e&oh=00_AfyfV_sFxjNOCf3hCq3Xytldrlq4XbytyuWvwc3fzBhKxw&oe=69C730BD,frigamahardita,frigamahardita,False,False,11,11,[]
3849577890770424477,https://www.instagram.com/p/DVscrIakZKd/,18074736998138508,https://www.instagram.com/p/DVscrIakZKd/c/18074736998138508/,"Melihat cara Pak Menteri HAM menjawab pertanyaan di suatu forum diskusi, kok saya pesimis pejabat kita TIDAK SEMPAT membaca ini",1773170277,26,8512442902,pairmankomik,komik pairman,https://scontent.cdninstagram.com/v/t51.75761-19/503483784_18275758042282903_8525314208437016867_n.jpg?stp=dst-jpg_s150x150_tt6&_nc_cat=1&ccb=7-5&_nc_sid=f7ccc5&efg=eyJ2ZW5jb2RlX3RhZyI6InByb2ZpbGVfcGljLnd3dy4xMDgwLkMzIn0%3D&_nc_ohc=wHHyIxYeS7MQ7kNvwEyiL5n&_nc_oc=AdoNS-dyqViFT4p4kTe_Npz7M9bCeir3JqVSW-kMa44dfMK5rk2movIbPoOi6bHdlO8&_nc_zt=24&_nc_ht=scontent.cdninstagram.com&_nc_gid=_6yYtAFFBQodMXtw9Zr6Xw&_nc_ss=7a32e&oh=00_AfxELKTFr7xBOYlY05fKDN5JBOOI1p5TaR-wCaK8mxXC_w&oe=69C73DE9,pairmankomik,pairmankomik,False,False,1,1,[]
3849577890770424477,https://www.instagram.com/p/DVscrIakZKd/,18212459551321291,https://www.instagram.com/p/DVscrIakZKd/c/18212459551321291/,"Mohon maaf kalau boleh jujur,, Abang kita satu ini lebih cerdas dari wapres kita.. mohon maaf saya jujur.. 🙏",1773197457,67,33215043655,bandungjayaprana,Dimitar Jayaprana,https://scontent.cdninstagram.com/v/t51.2885-19/487960189_1716446849280891_1231425406342583756_n.jpg?stp=dst-jpg_s150x150_tt6&_nc_cat=111&ccb=7-5&_nc_sid=f7ccc5&efg=eyJ2ZW5jb2RlX3RhZyI6InByb2ZpbGVfcGljLnd3dy4xMDgwLkMzIn0%3D&_nc_ohc=C8g6Mk-iU_oQ7kNvwFmalvl&_nc_oc=Adre2MRknxfP8wt7wsdzkYUnrp9r5DG_GfK7sR4BXhfQhNaEtLo1ZLeEVlxEOMS06jc&_nc_zt=24&_nc_ht=scontent.cdninstagram.com&_nc_ss=7a32e&oh=00_Afwl65lVy0s__xSzIXZc7sk4RL6m9ZHcQio1nmI5TGHcrw&oe=69C71B5E,bandungjayaprana,bandungjayaprana,False,False,10,10,[]
3849577890770424477,https://www.instagram.com/p/DVscrIakZKd/,17992617026946408,https://www.instagram.com/p/DVscrIakZKd/c/17992617026946408/,"Udahlah pak @prabowo kami tau anda sudah menepati janji. Tp disini program kerja yg anda andal2kan itu banyak cacat nya. Seprti menabur garam ditengah lautan. Mgkin sebagian anak terbantu tapi jutaan orangtua harus putar otak mikirin sandang pangan yg diluar jangkauan. Roda perekonomian berputar aja di circle itu2 aja,sedangkn dilapisan masyarakat lain mengalami dampak nya",1773126630,785,2154480062,sevina79,Sevina,https://scontent.cdninstagram.com/v/t51.2885-19/336087499_209976004955582_6264508597835752437_n.jpg?stp=dst-jpg_s150x150_tt6&_nc_cat=110&ccb=7-5&_nc_sid=f7ccc5&efg=eyJ2ZW5jb2RlX3RhZyI6InByb2ZpbGVfcGljLnd3dy43NjMuQzMifQ%3D%3D&_nc_ohc=VkEYd3IhlF4Q7kNvwFwexGh&_nc_oc=Adq8uyQoMY4cCgibNHMqFZ_kYb-K45I12m0TlN2o6UBOgK6UhQekYvcYRkxrDMA2TeQ&_nc_zt=24&_nc_ht=scontent.cdninstagram.com&_nc_ss=7a32e&oh=00_AfwRSUf6mQrzY4xfoznHo1z2ONXJF6Uvq0ieU9nscJIulg&oe=69C72A9F,sevina79,sevina79,False,False,2,2,[]
3849577890770424477,https://www.instagram.com/p/DVscrIakZKd/,18042492620525467,https://www.instagram.com/p/DVscrIakZKd/c/18042492620525467/,Pak @purbayayudhi.official bisa kali yaa angkat bang ferry jadi staff ahlinyaa,1773174206,93,333075421,noviaahdyn,"Novia Handayani, S.H., M.H.",https://scontent.cdninstagram.com/v/t51.82787-19/642577766_18562552432019422_2844218739405788078_n.jpg?stp=dst-jpg_s150x150_tt6&_nc_cat=109&ccb=7-5&_nc_sid=f7ccc5&efg=eyJ2ZW5jb2RlX3RhZyI6InByb2ZpbGVfcGljLnd3dy4xMDgwLkMzIn0%3D&_nc_ohc=1JkRsxb0ozsQ7kNvwEHELO8&_nc_oc=AdoFfq-zLHi1wthy-oe0m66GT9_SISYjDe7i3XAh2ncW0DAvCl-cnF1bYjEEavr9q54&_nc_zt=24&_nc_ht=scontent.cdninstagram.com&_nc_gid=QYscL5FM19I1Y59fhzEuTQ&_nc_ss=7a32e&oh=00_Afw_dBGGdlee1aBmJFiFydH0PH6WnEQ3baCRrDTz9s3PrA&oe=69C73612,noviaahdyn,noviaahdyn,False,False,4,4,[]
3849577890770424477,https://www.instagram.com/p/DVscrIakZKd/,17959392090024337,https://www.instagram.com/p/DVscrIakZKd/c/17959392090024337/,"Persiapan APBN Darurat: Pemerintah harus menyiapkan skenario fiskal untuk tiga level harga minyak (USD 85, USD 100, dan USD 120 per barel). Ini termasuk mengidentifikasi pos-pos belanja yang dapat dipangkas atau dijadwal ulang untuk menjaga defisit tetap di bawah 3% .
2. Menjaga Ketahanan Pangan & Daya Beli:
 · Mitigasi Harga Pangan: Koordinasikan kebijakan pusat-daerah untuk memastikan distribusi pangan lancar, terutama menjelang Lebaran 2026. Intervensi pasar operasi pasar sangat krusial untuk mengendalikan inflasi yang telah menyentuh 4,76% .
 · Hemat Energi Sektoral: Terapkan kebijakan kerja dari rumah (work from home/WFH) untuk sebagian aparatur sipil negara (ASN) dan pekerja di sektor publik sebagai langkah penghematan konsumsi BBM .
3. Mitigasi Risiko bagi Dunia Usaha:
 · Manajemen Risiko Valas: Dorong dunia usaha untuk menggunakan instrumen lindung nilai (hedging) untuk mengelola eksposur terhadap fluktuasi nilai tukar .
 · Keringanan untuk Sektor Padat Karya: Siapkan skema dukungan terarah, seperti relaksasi kredit atau insentif pajak sementara, bagi industri padat karya yang paling terdampak oleh lonjakan biaya energi dan logistik",1774249413,0,50026618918,indoauthentic.billboard,,https://scontent.cdninstagram.com/v/t51.2885-19/248137308_599761721154022_5470680621163657212_n.jpg?stp=dst-jpg_s150x150_tt6&_nc_cat=107&ccb=7-5&_nc_sid=f7ccc5&efg=eyJ2ZW5jb2RlX3RhZyI6InByb2ZpbGVfcGljLnd3dy4xMDgwLkMzIn0%3D&_nc_ohc=XDy9IC1ol9QQ7kNvwEUXIIQ&_nc_oc=Adqcz6jMy_XhpT9Vu7LcVRA7hHY6SvAGln8tNRz_A9quaQ8wNAKK_rIxgtByW3k2ZHg&_nc_zt=24&_nc_ht=scontent.cdninstagram.com&_nc_ss=7a32e&oh=00_AfwsNxXADVNLCF3_uuKHV8aYxuRPcEcV6RPZQLPcxxaj0Q&oe=69C70904,indoauthentic.billboard,indoauthentic.billboard,False,False,2,2,[]
3849577890770424477,https://www.instagram.com/p/DVscrIakZKd/,18379516585092497,https://www.instagram.com/p/DVscrIakZKd/c/18379516585092497/,"Konsumsi minyak di Indonesia per hari 900 miliar. Dana MBG 1,2T. Lebih gede buat MBG jir wkwk. Padahal konsumsi minyak itu penggerak ekonomi di semua lini😂",1773140453,297,1952087488,farid.mustafaa,Farid Mustafa Akmal,https://scontent.cdninstagram.com/v/t51.82787-19/619301721_18527313562071489_3221895203393205902_n.jpg?stp=dst-jpg_s150x150_tt6&_nc_cat=111&ccb=7-5&_nc_sid=f7ccc5&efg=eyJ2ZW5jb2RlX3RhZyI6InByb2ZpbGVfcGljLnd3dy4xMDgwLkMzIn0%3D&_nc_ohc=PqOealemIVwQ7kNvwHx08Qp&_nc_oc=AdpcnH-HfH5EPvKeKo3qUpp0qXlbIw8ikPjvZQM8Py4rSQb0zADkR_jT9USYR7OyBYQ&_nc_zt=24&_nc_ht=scontent.cdninstagram.com&_nc_gid=QYscL5FM19I1Y59fhzEuTQ&_nc_ss=7a32e&oh=00_AfxJl-cBU_r5RAgFfs2nSn3L6-Cojp7Mj0-7OVwpVoR9Eg&oe=69C71934,farid.mustafaa,farid.mustafaa,False,False,4,4,[]
3849577890770424477,https://www.instagram.com/p/DVscrIakZKd/,18109632076689692,https://www.instagram.com/p/DVscrIakZKd/c/18109632076689692/,MBG Lebaran dibagikan ke siapa?,1773125694,3,1802042453,wahyurfebry,Wahyu Abu Ubaidillah,https://scontent.cdninstagram.com/v/t51.2885-19/402806973_7004222246288352_5018590360596378849_n.jpg?stp=dst-jpg_s150x150_tt6&_nc_cat=105&ccb=7-5&_nc_sid=f7ccc5&efg=eyJ2ZW5jb2RlX3RhZyI6InByb2ZpbGVfcGljLnd3dy4xMDgwLkMzIn0%3D&_nc_ohc=Sq0WfWTcNwQQ7kNvwHGrE5t&_nc_oc=AdpVeTbX7B1xhIoUay7owmud7vMjvdDXuSquQKw6sDD8ntQ7Eecyymifrffkzp4ew0E&_nc_zt=24&_nc_ht=scontent.cdninstagram.com&_nc_ss=7a32e&oh=00_AfzhUbPlXgGyyl1jm8G5wTN7BJHiViut_06tfXxAd44HDw&oe=69C72C78,wahyurfebry,wahyurfebry,False,False,5,5,[]
3849577890770424477,https://www.instagram.com/p/DVscrIakZKd/,18095199170097694,https://www.instagram.com/p/DVscrIakZKd/c/18095199170097694/,"Ayo @prabowo kita tau Anda punya kepetingan. Coba nih dalam kondisi diluar prediksi seperti ini Anda akan berpihak pada siapa? Rakyat & Negara atau program yang tidak worth it itu? Kami tau Anda punya rencana besar bagi kepentingan Anda, tapi kali ini ujian Anda yg sesungguhnya telah datang. We'll see...",1773190844,17,2369847706,mentorjualanonline,Sandy Sutawiguna,https://scontent.cdninstagram.com/v/t51.82787-19/642483161_18516625132079707_5789657317618688331_n.jpg?stp=dst-jpg_s150x150_tt6&_nc_cat=105&ccb=7-5&_nc_sid=f7ccc5&efg=eyJ2ZW5jb2RlX3RhZyI6InByb2ZpbGVfcGljLnd3dy4xMDIxLkMzIn0%3D&_nc_ohc=xoWhUDa03PYQ7kNvwFNNcK2&_nc_oc=AdrnlrW0tC2hp80YB5qqfG89TWM5dFYwb9SYPTlW8OtC61QfjXlOp9w-roZtemwBiZY&_nc_zt=24&_nc_ht=scontent.cdninstagram.com&_nc_gid=QYscL5FM19I1Y59fhzEuTQ&_nc_ss=7a32e&oh=00_AfwW3_eDBCKyy16VKjuIqN4Ut2kEjV-vKNc4qfG_IwFxFQ&oe=69C7223A,mentorjualanonline,mentorjualanonline,True,False,0,0,[]
3849577890770424477,https://www.instagram.com/p/DVscrIakZKd/,17946048255120979,https://www.instagram.com/p/DVscrIakZKd/c/17946048255120979/,Kenapa sih orang pinter gini bukan nya ada di pemerintahan🥹🥹,1773249415,2,355478463,carolinaharianto,Maria Carolina | Pajak & Asuransi,https://scontent.cdninstagram.com/v/t51.82787-19/549456218_18518831281022464_6373621523729408836_n.jpg?stp=dst-jpg_s150x150_tt6&_nc_cat=107&ccb=7-5&_nc_sid=f7ccc5&efg=eyJ2ZW5jb2RlX3RhZyI6InByb2ZpbGVfcGljLnd3dy4zNjkuQzMifQ%3D%3D&_nc_ohc=QE5ysHYvkGAQ7kNvwEQbAm1&_nc_oc=Adp6_dgpWoqgEZXCsIyZVQPHsSeSErjdAsl_27Ta_qaBL31wtnUqdCHBs6a0NwZSifE&_nc_zt=24&_nc_ht=scontent.cdninstagram.com&_nc_gid=QYscL5FM19I1Y59fhzEuTQ&_nc_ss=7a32e&oh=00_AfzN9ftorTU8mPSazE3Iz3Zabz6M2JtpwFLEv9Hc8uxg1w&oe=69C72F1B,carolinaharianto,carolinaharianto,False,False,2,2,[]
3849577890770424477,https://www.instagram.com/p/DVscrIakZKd/,18119987209610942,https://www.instagram.com/p/DVscrIakZKd/c/18119987209610942/,"MBG lagi MBG lagi, program cuan pejabat yang ngabisin APBN.",1773127901,681,1389910391,rafikalif,Alif Rafik Khan,https://scontent.cdninstagram.com/v/t51.2885-19/327485547_242177871573317_7700625970831143749_n.jpg?stp=dst-jpg_s150x150_tt6&_nc_cat=106&ccb=7-5&_nc_sid=f7ccc5&efg=eyJ2ZW5jb2RlX3RhZyI6InByb2ZpbGVfcGljLnd3dy43MjAuQzMifQ%3D%3D&_nc_ohc=qDov64wiu3EQ7kNvwEpY0go&_nc_oc=AdrbLUe22mO1_O-WSSx0YfxwxEr4Q6gMJqfyXhGtNz_EElHWOjdOhlb6mqkKL4-_c1I&_nc_zt=24&_nc_ht=scontent.cdninstagram.com&_nc_ss=7a32e&oh=00_AfyM5HauLojLufeWmYwMu4R9H_U4OiMbjePqFuSfE7AOeA&oe=69C72932,rafikalif,rafikalif,False,False,0,0,[]
3849577890770424477,https://www.instagram.com/p/DVscrIakZKd/,18087505943225251,https://www.instagram.com/p/DVscrIakZKd/c/18087505943225251/,"1 KALIMAT LUCU. ""NEGARA KAYA SDA KRISIS ENERGI"" 😹",1773125846,283,79826832874,bukannasehatsaham,Bukan Nasehat Saham,https://scontent.cdninstagram.com/v/t51.82787-19/639535909_17856386286656875_2253078139199627644_n.jpg?stp=dst-jpg_s150x150_tt6&_nc_cat=109&ccb=7-5&_nc_sid=f7ccc5&efg=eyJ2ZW5jb2RlX3RhZyI6InByb2ZpbGVfcGljLnd3dy4xMDgwLkMzIn0%3D&_nc_ohc=Na6rbPYGvxYQ7kNvwHHn_jz&_nc_oc=AdogdXT36aqBjEbWCVdvKwm8YKxnITup10hgXqaIdcm0ZJg3brbQNaFTGItBIHhD9zg&_nc_zt=24&_nc_ht=scontent.cdninstagram.com&_nc_gid=QYscL5FM19I1Y59fhzEuTQ&_nc_ss=7a32e&oh=00_AfwBwyGePO0P_cgX5KtBweYBeAZBtaP5eyRMCTKyKkeYdQ&oe=69C73986,bukannasehatsaham,bukannasehatsaham,False,False,5,5,[]
3849577890770424477,https://www.instagram.com/p/DVscrIakZKd/,17891802519428642,https://www.instagram.com/p/DVscrIakZKd/c/17891802519428642/,Mereka bukan gak ngerti gimana solusinya kan bang? Mereka pura2 gak tau aja kan biar proyek “bagi hasilnya” tetep jalan? Masa iya sebodoh itu?,1773133635,497,3062716088,malydssss,Malydss,https://scontent.cdninstagram.com/v/t51.82787-19/618913984_18442656907100089_6430428399971212694_n.jpg?stp=dst-jpg_s150x150_tt6&_nc_cat=105&ccb=7-5&_nc_sid=f7ccc5&efg=eyJ2ZW5jb2RlX3RhZyI6InByb2ZpbGVfcGljLnd3dy40OTAuQzMifQ%3D%3D&_nc_ohc=8iXwFghbY6cQ7kNvwF8LU7f&_nc_oc=AdooJX_xugjqANF4bF2QdX3EdLAHibjRSbNdGAMpfnYB8x30G6Hs8o2gMY843kgvV_8&_nc_zt=24&_nc_ht=scontent.cdninstagram.com&_nc_gid=QYscL5FM19I1Y59fhzEuTQ&_nc_ss=7a32e&oh=00_AfzU_F_aGfvkSe2vAHNm6B8_p9DCuGCyYjyVENzHbqB6Fg&oe=69C736DF,malydssss,malydssss,True,False,5,5,[]
3849577890770424477,https://www.instagram.com/p/DVscrIakZKd/,18181151887373685,https://www.instagram.com/p/DVscrIakZKd/c/18181151887373685/,Pak @purbayayudhi.official harusnya paham dong kayak gini. Masalahnya bisa nggak jelasin hal ini ke Pria Sawit tanpa bikin belio tantrum. Nggak lucu nanti kalo ada adegan gebrak2 meja kek udah2 😢,1773147878,177,1221887566,gowoisme,Mas Gowo,https://scontent.cdninstagram.com/v/t51.2885-19/32232994_1849105088728968_5621650829372030976_n.jpg?stp=dst-jpg_s150x150_tt6&_nc_cat=109&ccb=7-5&_nc_sid=f7ccc5&efg=eyJ2ZW5jb2RlX3RhZyI6InByb2ZpbGVfcGljLnd3dy4xMDgwLkMzIn0%3D&_nc_ohc=XnEg0A8zifgQ7kNvwGs59mN&_nc_oc=AdpsRALY0RiRpPtWGQZOd5XHS0kElaD_1LJ8ZbDEHiK7QBZjZZW1f2LZf6NvcmX_aKk&_nc_zt=24&_nc_ht=scontent.cdninstagram.com&_nc_ss=7a32e&oh=00_Afz1ta5JM3uVUGQS6NFSi_TkYuo-bRfqo57HnOqSonvmaQ&oe=69C72AAD,gowoisme,gowoisme,False,False,1,1,[]
3849577890770424477,https://www.instagram.com/p/DVscrIakZKd/,18112450729674202,https://www.instagram.com/p/DVscrIakZKd/c/18112450729674202/,@prabowo @gibran_rakabuming belajar nih,1773151769,0,5321880904,sialbab_,Haiqal Albab,https://scontent.cdninstagram.com/v/t51.82787-19/610673296_18390891637176905_1644633801832809512_n.jpg?stp=dst-jpg_s150x150_tt6&_nc_cat=101&ccb=7-5&_nc_sid=f7ccc5&efg=eyJ2ZW5jb2RlX3RhZyI6InByb2ZpbGVfcGljLnd3dy4xMDgwLkMzIn0%3D&_nc_ohc=x943DjaLxJYQ7kNvwFXIjCh&_nc_oc=Adq1X9PQBOcxV6aBVlQ4PSXHrdC9wBafcx61c9Sx1I_jGbPnhKq6I2rI3CoZxObD5Yw&_nc_zt=24&_nc_ht=scontent.cdninstagram.com&_nc_gid=QYscL5FM19I1Y59fhzEuTQ&_nc_ss=7a32e&oh=00_Afyf8Ep7uq08PaMXTuUxN-VOZrj-wjtMCgivzrpLnp_vag&oe=69C72AE0,sialbab_,sialbab_,False,False,1,1,[]
3849577890770424477,https://www.instagram.com/p/DVscrIakZKd/,18083108357583189,https://www.instagram.com/p/DVscrIakZKd/c/18083108357583189/,"Sementara itu ada instansi yg buang anggaran nya gila""an, main siaga""an, main komcad""an, postur organisasi nya gemuk bgt, ngebantu fiskal kaga, malah bikin tekor",1773173408,0,49826070499,fxtrtecho_,,https://scontent.cdninstagram.com/v/t51.82787-19/552206774_18042079439662500_2373190695865739155_n.jpg?stp=dst-jpg_s150x150_tt6&_nc_cat=101&ccb=7-5&_nc_sid=f7ccc5&efg=eyJ2ZW5jb2RlX3RhZyI6InByb2ZpbGVfcGljLnd3dy41MDUuQzMifQ%3D%3D&_nc_ohc=EpbpPQyU4HUQ7kNvwGBNRLF&_nc_oc=AdrBquo4msU7T8fTM31w-1gckOTdguPEZ5uKHhWzmcQWtCmjl9r-G0gbe21KuPHnC3U&_nc_zt=24&_nc_ht=scontent.cdninstagram.com&_nc_gid=QYscL5FM19I1Y59fhzEuTQ&_nc_ss=7a32e&oh=00_AfxM9_eV2Gg2p0KoFReP2085wPpfXrcPk2Zd5uCX6g9UoA&oe=69C729D2,fxtrtecho_,fxtrtecho_,False,False,2,2,[]
3849577890770424477,https://www.instagram.com/p/DVscrIakZKd/,18094734623092171,https://www.instagram.com/p/DVscrIakZKd/c/18094734623092171/,MBG adalah koentji,1773188834,7,65474599538,horanglapangan,Dody Setiawan,https://scontent.cdninstagram.com/v/t51.82787-19/544917277_17915140281183539_4478412578026279031_n.jpg?stp=dst-jpg_s150x150_tt6&_nc_cat=103&ccb=7-5&_nc_sid=f7ccc5&efg=eyJ2ZW5jb2RlX3RhZyI6InByb2ZpbGVfcGljLnd3dy4xMDgwLkMzIn0%3D&_nc_ohc=MHIri0BvSLIQ7kNvwFUrpD6&_nc_oc=Adq2A1hsLefrclVwDPYsmodWocZlbZOlH5hjAFoEsJ5N5_hXIs4SjRqeD30ZpH-w1Io&_nc_zt=24&_nc_ht=scontent.cdninstagram.com&_nc_gid=QYscL5FM19I1Y59fhzEuTQ&_nc_ss=7a32e&oh=00_AfzaODZIzhl9sRiOaA4ZMI6-0OEG86rVWEMC5oOQqQHjSQ&oe=69C7257E,horanglapangan,horanglapangan,True,False,0,0,[]
3849577890770424477,https://www.instagram.com/p/DVscrIakZKd/,18076473563111852,https://www.instagram.com/p/DVscrIakZKd/c/18076473563111852/,"Presiden kita gak peduli apbn jebol yg penting program MBG tetap jalan, supaya dipuja puji teruss",1773192609,9,3976192594,46fransto,Frans Susanto,https://scontent.cdninstagram.com/v/t51.2885-19/293573793_147472974558903_4676531344131849110_n.jpg?stp=dst-jpg_s150x150_tt6&_nc_cat=109&ccb=7-5&_nc_sid=f7ccc5&efg=eyJ2ZW5jb2RlX3RhZyI6InByb2ZpbGVfcGljLnd3dy4xMDgwLkMzIn0%3D&_nc_ohc=Y7B9RPRvu3gQ7kNvwE_giY1&_nc_oc=AdqsEHVLyTBSe-JL9j4j8oknbLq8DuQg4T3kb7Bgp0D2qqoyv07HOHqALXEGy15VAuk&_nc_zt=24&_nc_ht=scontent.cdninstagram.com&_nc_ss=7a32e&oh=00_AfwG0VwYCaCixrSjxBFqyTF9KOcuYXGFPJjuN0XRCN2uAA&oe=69C72DFA,46fransto,46fransto,False,False,2,2,[]
3849577890770424477,https://www.instagram.com/p/DVscrIakZKd/,17917164009296856,https://www.instagram.com/p/DVscrIakZKd/c/17917164009296856/,"Fungsi utama MBG untuk persiapan nyalon lagi di 2029, minimal suara pemilik dapur, pekerja & buzzer MBG sudah diamankan beserta keluarganya.",1773205666,1,427055817,alhamdy_,Alhamdi Yosef,https://scontent.cdninstagram.com/v/t51.82787-19/633730918_18563661475047818_1509032847570399839_n.jpg?stp=dst-jpg_s150x150_tt6&_nc_cat=105&ccb=7-5&_nc_sid=f7ccc5&efg=eyJ2ZW5jb2RlX3RhZyI6InByb2ZpbGVfcGljLnd3dy43MzYuQzMifQ%3D%3D&_nc_ohc=zxE6scyWZjwQ7kNvwEt341q&_nc_oc=AdrCf3kjGDYSh9-avgBRgrkxCHrNzPUldlLCi-V0Xhtc-kO9hbuXPrS6SJfZkTwqlD0&_nc_zt=24&_nc_ht=scontent.cdninstagram.com&_nc_gid=EsFYvZjgCeU20OEoeZcBrw&_nc_ss=7a32e&oh=00_AfxDP9fo8PB-H2shjHoAumqzi838u4uwZgcR1PTBDcK7rQ&oe=69C70F97,alhamdy_,alhamdy_,False,False,0,0,[]
3849577890770424477,https://www.instagram.com/p/DVscrIakZKd/,17908027488361178,https://www.instagram.com/p/DVscrIakZKd/c/17908027488361178/,btw harga oil udah balik lagi di kisaran 86$ per barrel 🙌 kemarin mungkin lagi panas²nya sempet nyentuh harga tertinggi secara tiba² kisaran 110$ per barel🙌 cmiiw,1773140722,1,3231965736,mwildana7,M.Wildan.A,https://scontent.cdninstagram.com/v/t51.82787-19/618667018_18442385518109737_3831006905592018092_n.jpg?stp=dst-jpg_s150x150_tt6&_nc_cat=111&ccb=7-5&_nc_sid=f7ccc5&efg=eyJ2ZW5jb2RlX3RhZyI6InByb2ZpbGVfcGljLnd3dy4xMDgwLkMzIn0%3D&_nc_ohc=G7yOJgE5pS4Q7kNvwFK7gvv&_nc_oc=AdpcLITYobGjCUm3i4Zy-9cDgQ26zrqKYlIl3-xveJIbIaRz_bRl5lW9og07YRt3EfE&_nc_zt=24&_nc_ht=scontent.cdninstagram.com&_nc_gid=EsFYvZjgCeU20OEoeZcBrw&_nc_ss=7a32e&oh=00_AfzdQXVZF0RwWKrpYjGOi15NfWuIAmDxppPTwPlJyw2kSg&oe=69C71752,mwildana7,mwildana7,False,False,0,0,[]
3849577890770424477,https://www.instagram.com/p/DVscrIakZKd/,18111895483668609,https://www.instagram.com/p/DVscrIakZKd/c/18111895483668609/,330T? Kok ky mbg setahun bang😂,1773132607,1,1547462023,tomi.hermawan,Tomi Hermawan,https://scontent.cdninstagram.com/v/t51.82787-19/572245808_18539520979006024_6653774144740477100_n.jpg?stp=dst-jpg_s150x150_tt6&_nc_cat=102&ccb=7-5&_nc_sid=f7ccc5&efg=eyJ2ZW5jb2RlX3RhZyI6InByb2ZpbGVfcGljLnd3dy44MzIuQzMifQ%3D%3D&_nc_ohc=AS77fOz3l8AQ7kNvwEfgg5f&_nc_oc=AdraZACwsANlPfCoLpD4vg6L-rQN4iL0UtxjFgEHevJBc-gaR4g3Y7uPOZFdGKDZYPg&_nc_zt=24&_nc_ht=scontent.cdninstagram.com&_nc_gid=EsFYvZjgCeU20OEoeZcBrw&_nc_ss=7a32e&oh=00_Afzzdd_ziu5HLboRfMmvB1CmyittWWaOpzZX0L7Le2CesQ&oe=69C722C6,tomi.hermawan,tomi.hermawan,False,False,0,0,[]
3849577890770424477,https://www.instagram.com/p/DVscrIakZKd/,18113618374646550,https://www.instagram.com/p/DVscrIakZKd/c/18113618374646550/,Pemilik SPPG tidak suka melihat postingan ini,1773128900,292,10727537130,30_03sb,3003,https://scontent.cdninstagram.com/v/t51.82787-19/542326125_18174962482353131_8073082040784845440_n.jpg?stp=dst-jpg_s150x150_tt6&_nc_cat=102&ccb=7-5&_nc_sid=f7ccc5&efg=eyJ2ZW5jb2RlX3RhZyI6InByb2ZpbGVfcGljLnd3dy4xMDgwLkMzIn0%3D&_nc_ohc=5N6_OSgzYi4Q7kNvwFJ9OEj&_nc_oc=Adq9FID-5BSHdTOKH4zKTieFSxd_ZHNUm_hMHmtUS4v4OrSRHSKA0p8t5ER3N_1zMR4&_nc_zt=24&_nc_ht=scontent.cdninstagram.com&_nc_gid=EsFYvZjgCeU20OEoeZcBrw&_nc_ss=7a32e&oh=00_AfyjSqy9K4Lp2tV93uiIKbo6Zs2nMIM5BgVjxjwyJIhHog&oe=69C72632,30_03sb,30_03sb,False,False,0,0,[]
3849577890770424477,https://www.instagram.com/p/DVscrIakZKd/,18042040976744153,https://www.instagram.com/p/DVscrIakZKd/c/18042040976744153/,"Simple, tapi boomer pusing",1773133779,1,569490751,ikhsanoedin,Ikhsanudin Amri,https://scontent.cdninstagram.com/v/t51.2885-19/407596235_386314353733836_8305798879090078999_n.jpg?stp=dst-jpg_s150x150_tt6&_nc_cat=111&ccb=7-5&_nc_sid=f7ccc5&efg=eyJ2ZW5jb2RlX3RhZyI6InByb2ZpbGVfcGljLnd3dy4xMDgwLkMzIn0%3D&_nc_ohc=QANteGL5N9IQ7kNvwHCJTJ3&_nc_oc=AdqGl2bRMFkLyHY9_ElP9FpMFQ_Lc-BLoV07FZLEBBX40569t42BEhX6uLR_yp7-q4Y&_nc_zt=24&_nc_ht=scontent.cdninstagram.com&_nc_ss=7a32e&oh=00_AfzjKQI-4I0jlN-1N2fsfnyxksgKc5VZkIlX6y2F7UI6pw&oe=69C72453,ikhsanoedin,ikhsanoedin,False,False,0,0,[]
3849577890770424477,https://www.instagram.com/p/DVscrIakZKd/,17861454183610130,https://www.instagram.com/p/DVscrIakZKd/c/17861454183610130/,Pemerintahnya kaga paham bang,1773125876,7,848948869,francescology,,https://scontent.cdninstagram.com/v/t51.82787-19/639760832_18566785159052870_1453822682179242524_n.jpg?stp=dst-jpg_s150x150_tt6&_nc_cat=102&ccb=7-5&_nc_sid=f7ccc5&efg=eyJ2ZW5jb2RlX3RhZyI6InByb2ZpbGVfcGljLnd3dy4xMDgwLkMzIn0%3D&_nc_ohc=76Ee4pe4g8sQ7kNvwEe2DxD&_nc_oc=AdqwE10O-PU4sbt68H0n09ywcmRhQMBpxCLJlnTx8gdHaBZU-Z0zcZ14bkfi62Te77E&_nc_zt=24&_nc_ht=scontent.cdninstagram.com&_nc_gid=EsFYvZjgCeU20OEoeZcBrw&_nc_ss=7a32e&oh=00_AfyPTxoOqXia-QMJRXPmOs_9w-j2AK7_acD7ZJ1T9vtuvg&oe=69C73468,francescology,francescology,False,False,0,0,[]
3849577890770424477,https://www.instagram.com/p/DVscrIakZKd/,18103076497916741,https://www.instagram.com/p/DVscrIakZKd/c/18103076497916741/,"MBG jangan disenggol bang. Itu melanggar HAM. Lanjutkan, meskipun harga minyak tembus diatas 150 dollar per barel.Biiarin. Biarin krisis datengnya lebih cepet.",1773129869,1,2178326973,nurmansyaharis,aris nurmansyah,https://scontent.cdninstagram.com/v/t51.2885-19/15623939_391870567816039_7534882979613507584_a.jpg?stp=dst-jpg_s150x150_tt6&_nc_cat=105&ccb=7-5&_nc_sid=f7ccc5&efg=eyJ2ZW5jb2RlX3RhZyI6InByb2ZpbGVfcGljLnd3dy4xMDgwLkMzIn0%3D&_nc_ohc=86LLntXSbgYQ7kNvwE_W5qm&_nc_oc=AdqVzTwgCe_sUxavMjhCojCucKHcOeuI5w3ID9lP46Yq_WwAL0hqveZpkeqnoY8fBSI&_nc_zt=24&_nc_ht=scontent.cdninstagram.com&_nc_ss=7a32e&oh=00_AfxrlnS5CDjmhFfy6KrQM7BWZvNtfIr6FMKlc1IGaWBGCQ&oe=69C71295,nurmansyaharis,nurmansyaharis,False,False,0,0,[]
3849577890770424477,https://www.instagram.com/p/DVscrIakZKd/,18203244406329181,https://www.instagram.com/p/DVscrIakZKd/c/18203244406329181/,Prabowo dan Gibran nggak ngeri soal ini. Yang mereka mengerti hanya MBG.,1773182325,3,8131977002,adejayasuryani,Ade Jaya Suryani,https://scontent.cdninstagram.com/v/t51.2885-19/35999771_286524658556828_8038697422416773120_n.jpg?stp=dst-jpg_s150x150_tt6&_nc_cat=103&ccb=7-5&_nc_sid=f7ccc5&efg=eyJ2ZW5jb2RlX3RhZyI6InByb2ZpbGVfcGljLnd3dy45ODguQzMifQ%3D%3D&_nc_ohc=Zayr5P2aP_YQ7kNvwGKrp6u&_nc_oc=AdrVqatLBLOGWfTTb6n4ZvpZlhCDLhamiiR1zDq8DuoS_ZOCcWSybhwvPCuipNAZbn8&_nc_zt=24&_nc_ht=scontent.cdninstagram.com&_nc_ss=7a32e&oh=00_Afz283JvvyNZh93BWndALMdk7_org19T97epFGeE7XkrIA&oe=69C733AC,adejayasuryani,adejayasuryani,False,False,0,0,[]
3849577890770424477,https://www.instagram.com/p/DVscrIakZKd/,18091297784323062,https://www.instagram.com/p/DVscrIakZKd/c/18091297784323062/,"@irwandiferry biasa pake yang nomer 2, aman terkendali...",1773215759,2,886924209,arifrohmannur,Arif Rohman Nurfiyanto,https://scontent.cdninstagram.com/v/t51.2885-19/402483160_181306061722109_6853009644005273441_n.jpg?stp=dst-jpg_s150x150_tt6&_nc_cat=104&ccb=7-5&_nc_sid=f7ccc5&efg=eyJ2ZW5jb2RlX3RhZyI6InByb2ZpbGVfcGljLnd3dy43NTAuQzMifQ%3D%3D&_nc_ohc=HKoKGfhjTGUQ7kNvwEbddXY&_nc_oc=Adp1nq7FpY_awO607YY9VlgVGgwTQibmTWyaf3Fp2kOJqkULpfNEBCrU0WppspBJJFg&_nc_zt=24&_nc_ht=scontent.cdninstagram.com&_nc_ss=7a32e&oh=00_Afx69VfyfotatJXJoo8iKX9-bZRjPYvtjqu7igdm--AVhg&oe=69C73403,arifrohmannur,arifrohmannur,False,False,0,0,[]
3849577890770424477,https://www.instagram.com/p/DVscrIakZKd/,18114855736646756,https://www.instagram.com/p/DVscrIakZKd/c/18114855736646756/,"Anda jg tidak bisa tarik garis lurus klo selisih $35 sepanjang tahun, yg ada tarik average itulah ada yg namax APBN-P, klo tolol jgn ngomong dech!!!",1774150184,1,69563658034,faxoii27,,https://scontent.cdninstagram.com/v/t51.2885-19/462507593_2938430142962399_4086327398594921504_n.jpg?stp=dst-jpg_s150x150_tt6&_nc_cat=106&ccb=7-5&_nc_sid=f7ccc5&efg=eyJ2ZW5jb2RlX3RhZyI6InByb2ZpbGVfcGljLnd3dy4xMDgwLkMzIn0%3D&_nc_ohc=rBjukDJDgm8Q7kNvwEFNWzB&_nc_oc=AdrUjn3OI_QpJI1sQ7dUYgJFSLs4ZKJ9pl5P4yl4dKeKODlsFe1rT7b7dJAGuHEO5vs&_nc_zt=24&_nc_ht=scontent.cdninstagram.com&_nc_ss=7a32e&oh=00_Afyd6H1liZWVANtbPkcc3C948bGyNY4SdVUCYPHjBE8zVw&oe=69C72F50,faxoii27,faxoii27,False,False,0,0,[]
3849577890770424477,https://www.instagram.com/p/DVscrIakZKd/,17961988403907752,https://www.instagram.com/p/DVscrIakZKd/c/17961988403907752/,"MBG gaboleh stop pokoknya, kalo bisa bbm di ganti sama mbg😂😂",1773126071,4,7829092837,randypra97,Randy,https://scontent.cdninstagram.com/v/t51.82787-19/570913230_18291779758260838_5409361186064334294_n.jpg?stp=dst-jpg_s150x150_tt6&_nc_cat=103&ccb=7-5&_nc_sid=f7ccc5&efg=eyJ2ZW5jb2RlX3RhZyI6InByb2ZpbGVfcGljLnd3dy4xMDgwLkMzIn0%3D&_nc_ohc=UG8IAxjUkcsQ7kNvwHB4Vdj&_nc_oc=AdpGRBhjHuu4KGbSCygUC18hkd5spn2kyIU2jLk3pzhS7CMukqxq409p_A12CI1va1M&_nc_zt=24&_nc_ht=scontent.cdninstagram.com&_nc_gid=EsFYvZjgCeU20OEoeZcBrw&_nc_ss=7a32e&oh=00_Afzne_48XEAaAEYcmiCTxCyD-eEm4BtFiivRrKcKtULr5g&oe=69C71C40,randypra97,randypra97,False,False,2,2,[]
3849577890770424477,https://www.instagram.com/p/DVscrIakZKd/,18076612133615011,https://www.instagram.com/p/DVscrIakZKd/c/18076612133615011/,@cilacap_project ni bang ferry yg KONTRA keras sama program MBG aj kritik nya di serta i SARAN masa akun informasi seperti anda malah ngajarin WARGA KRITIK TANPA SARAN🤮,1773209968,2,1184191039,wafimc_,WAFI,https://scontent.cdninstagram.com/v/t51.2885-19/84156250_197417631360661_1019276269977600000_n.jpg?stp=dst-jpg_s150x150_tt6&_nc_cat=110&ccb=7-5&_nc_sid=f7ccc5&efg=eyJ2ZW5jb2RlX3RhZyI6InByb2ZpbGVfcGljLnd3dy4xMDgwLkMzIn0%3D&_nc_ohc=gGG-6r1ZMx0Q7kNvwEX9dw2&_nc_oc=AdppZjE4aMU4JCv0luOsIjPcxWD7Z9rB_uZOR0rFKlAIZ5582oM3tUnU80_aWwTqC_M&_nc_zt=24&_nc_ht=scontent.cdninstagram.com&_nc_ss=7a32e&oh=00_AfxjgnZcIQjx6_WuexMYMtaDghsNwSYsjidoIwAC4X17DQ&oe=69C719C4,wafimc_,wafimc_,False,False,2,2,[]
3849577890770424477,https://www.instagram.com/p/DVscrIakZKd/,17882110710471901,https://www.instagram.com/p/DVscrIakZKd/c/17882110710471901/,"menarik, Bang @irwandiferry krn konteksnya ketahanan energi, perlu jg dibahas peran dana kutipan export sawit 50T/thn, yg digunakan u/ subsidi biodisel yang punya double impact :
- Hemat Devisa Negara dgn berkurangnya import solar,
- Efisiensi biaya logistik umumnya transp umum ( truck-bis) menggunakan biosolar dgn harga 6k yg harusnya tanpa subsidi sawit harga ekonominya 10k 🔥",1773187123,3,6281955564,34rstak,34RS’tak,https://scontent.cdninstagram.com/v/t51.2885-19/42995309_1927271060902853_6282611004480159744_n.jpg?stp=dst-jpg_s150x150_tt6&_nc_cat=108&ccb=7-5&_nc_sid=f7ccc5&efg=eyJ2ZW5jb2RlX3RhZyI6InByb2ZpbGVfcGljLnd3dy4xMDgwLkMzIn0%3D&_nc_ohc=BZvcY3nX1kIQ7kNvwH814ON&_nc_oc=AdopZ3B-hEZa_uOrMZULuCIkvH8oUeEtZceteUsnGPlMyXFAEVLoADQmm166Le8AQFQ&_nc_zt=24&_nc_ht=scontent.cdninstagram.com&_nc_ss=7a32e&oh=00_AfxMu74EO3fQPp_jlgv3L_wkgnrTXND0UT1BFZOF_s-rzA&oe=69C727D7,34rstak,34rstak,False,False,1,1,[]
3849577890770424477,https://www.instagram.com/p/DVscrIakZKd/,18103529551898662,https://www.instagram.com/p/DVscrIakZKd/c/18103529551898662/,"Pertanyaannya sederhana, apakah tidak ada pejabat pemerintah disana tidak bisa menghitung seperti utas ini? Tentu saja tidak mungkin dong. Pasti mereka tau, mengerti dan paham akan hitung2an seperti ini. Selanjutnya tinggal seperti apa strategi yang akan ditempuh pemerinah?",1774049175,0,477709104,arga_tristian,Arga,https://scontent.cdninstagram.com/v/t51.82787-19/584454520_18536218300013105_2282475513683859748_n.jpg?stp=dst-jpg_s150x150_tt6&_nc_cat=103&ccb=7-5&_nc_sid=f7ccc5&efg=eyJ2ZW5jb2RlX3RhZyI6InByb2ZpbGVfcGljLnd3dy44MjguQzMifQ%3D%3D&_nc_ohc=yQXtk20ryYIQ7kNvwHE54-x&_nc_oc=AdpwPo4LFY8MCX-GjdnxmF-8nf7lEG2JmDQXR-bFNX8SMiB89e8gtKuErZSqJNv1MDw&_nc_zt=24&_nc_ht=scontent.cdninstagram.com&_nc_gid=EsFYvZjgCeU20OEoeZcBrw&_nc_ss=7a32e&oh=00_AfxKaIYTkJ7HpzROvyMsJsmwa6dEhxdgvNHB6EKhasHtWQ&oe=69C71AD8,arga_tristian,arga_tristian,False,False,1,1,[]
3849577890770424477,https://www.instagram.com/p/DVscrIakZKd/,18208829212323616,https://www.instagram.com/p/DVscrIakZKd/c/18208829212323616/,"Mohon izin bapak presiden dan jajarannya @prabowo @tedsky89 🙏🏻 Coba ketika membuat program itu dikaji lebih dalam dampaknya dari segala sisi. Undang para ekonom, para ahli, akademisi. Bukan kita pesimis, tapi harus realistis negara ini masih berkembang. Berikan MBG di wilayah yang benar-benar perlu. PR dan kebutuhan negara ini masih banyak loh 🥹🥹",1773400752,12,12993386209,ernieptri6,Ernie 🌼,https://scontent.cdninstagram.com/v/t51.82787-19/611392767_18151400344434210_8819356181851048278_n.jpg?stp=dst-jpg_s150x150_tt6&_nc_cat=107&ccb=7-5&_nc_sid=f7ccc5&efg=eyJ2ZW5jb2RlX3RhZyI6InByb2ZpbGVfcGljLnd3dy4xMDgwLkMzIn0%3D&_nc_ohc=JGVk4lGqy8MQ7kNvwErG6V0&_nc_oc=AdojSjUhkwkjPbzWOHPGR_ex9cTMJ6e0AmIhxVWR8rZ2otU10qkqubh7wnTi-bd-_uM&_nc_zt=24&_nc_ht=scontent.cdninstagram.com&_nc_gid=EsFYvZjgCeU20OEoeZcBrw&_nc_ss=7a32e&oh=00_Afy1NNotfuAx5jeIf6gQ11BM4hijaixLJxm_iZWjWTkxhA&oe=69C73B41,ernieptri6,ernieptri6,False,False,0,0,[]
3849577890770424477,https://www.instagram.com/p/DVscrIakZKd/,18095513893961742,https://www.instagram.com/p/DVscrIakZKd/c/18095513893961742/,Lebih kurang sama kayak anggaran MBG 1 tahun konsumsi BBM kita. Dalam setahun 🌚,1773327688,1,59359898341,mohd_rihilmiski93,Mohd Rihil Miski,https://scontent.cdninstagram.com/v/t51.82787-19/649237441_17980311980978342_6681034818372583573_n.jpg?stp=dst-jpg_s150x150_tt6&_nc_cat=111&ccb=7-5&_nc_sid=f7ccc5&efg=eyJ2ZW5jb2RlX3RhZyI6InByb2ZpbGVfcGljLnd3dy4xMDgwLkMzIn0%3D&_nc_ohc=3nQhxNaSjREQ7kNvwEHshcX&_nc_oc=AdrnstjOAs-vEaGKhk5KDxBJ5uSLbNZ6BNMW-LG99xXQIjkPuo-nPVTL5-HbLYFd3Co&_nc_zt=24&_nc_ht=scontent.cdninstagram.com&_nc_gid=dxr5isMJ5MitYwBBF4O1lg&_nc_ss=7a32e&oh=00_Afy-_DxqYTJq75l0jvUh5C28SRivl8i-GeWg76VXu379JA&oe=69C73F1D,mohd_rihilmiski93,mohd_rihilmiski93,False,False,0,0,[]
3849577890770424477,https://www.instagram.com/p/DVscrIakZKd/,18075324167432140,https://www.instagram.com/p/DVscrIakZKd/c/18075324167432140/,Selamatkan diri anda masing2 kawan.. Negara ini terlalu rusak dan gabisa dibenerin,1773215358,2,41150423,yosephwahyusww,Yoseph Saputra Wisnuwardana,https://scontent.cdninstagram.com/v/t51.2885-19/460483049_1762758084494797_6691915670116659672_n.jpg?stp=dst-jpg_s150x150_tt6&_nc_cat=108&ccb=7-5&_nc_sid=f7ccc5&efg=eyJ2ZW5jb2RlX3RhZyI6InByb2ZpbGVfcGljLnd3dy4xMDY2LkMzIn0%3D&_nc_ohc=6dBHXMfLLHkQ7kNvwFL6j0J&_nc_oc=AdrGB-S5uOfqQ8-_Ryp7tr7El8OO1uaGnL3SZdCWhHt_eJnBW7uA97dBJ-eUteFj1GA&_nc_zt=24&_nc_ht=scontent.cdninstagram.com&_nc_ss=7a32e&oh=00_Afxi6k7067H2BnhnnNadWVYQ7ASNZdmFiDMt3Fo-Op7Whw&oe=69C73B90,yosephwahyusww,yosephwahyusww,False,False,0,0,[]
3849577890770424477,https://www.instagram.com/p/DVscrIakZKd/,18083961344459665,https://www.instagram.com/p/DVscrIakZKd/c/18083961344459665/,Gak nyantumin solusi pak prabowo buat pergi ke LN minta ke trump stop perang om @irwandiferry ?😂,1773131270,1,319508469,g.witarsa11,shibuya,https://scontent.cdninstagram.com/v/t51.82787-19/641302649_18564970723020470_5508428924444684639_n.jpg?stp=dst-jpg_s150x150_tt6&_nc_cat=104&ccb=7-5&_nc_sid=f7ccc5&efg=eyJ2ZW5jb2RlX3RhZyI6InByb2ZpbGVfcGljLnd3dy4xMDgwLkMzIn0%3D&_nc_ohc=TUT3dRHIfdAQ7kNvwG6KAvN&_nc_oc=Ado-TkWY1uuVOaM7wBpDiCa6eP1kzdGiMFVBwtnhmGdpk-noIR5Act9rOtVVKhWwDAM&_nc_zt=24&_nc_ht=scontent.cdninstagram.com&_nc_gid=dxr5isMJ5MitYwBBF4O1lg&_nc_ss=7a32e&oh=00_Afw7cVu5CYLnj1qY0k-q-Db4FHlL7xZSIJmmxJBb_77x1Q&oe=69C70D3F,g.witarsa11,g.witarsa11,False,False,0,0,[]
3849577890770424477,https://www.instagram.com/p/DVscrIakZKd/,18071480309444953,https://www.instagram.com/p/DVscrIakZKd/c/18071480309444953/,Thanks bang kontennya,1773185070,2,2098300156,dewisunday,Dewi Sunday,https://scontent.cdninstagram.com/v/t51.2885-19/20968909_111703959510953_8642235508275019776_a.jpg?stp=dst-jpg_s150x150_tt6&_nc_cat=109&ccb=7-5&_nc_sid=f7ccc5&efg=eyJ2ZW5jb2RlX3RhZyI6InByb2ZpbGVfcGljLnd3dy4xMDgwLkMzIn0%3D&_nc_ohc=DjWHtDDAR58Q7kNvwEuu09D&_nc_oc=AdpWurmlhk7wYV56ebOdXTkS3saqDf30sJS_NEOSe9DGW_v70GeqtVjGazBV09FXmAA&_nc_zt=24&_nc_ht=scontent.cdninstagram.com&_nc_ss=7a32e&oh=00_AfxmaE0d5puUkievoJn6iTkLW6Gt6hnYBDm2RZ_Hb5fZSw&oe=69C711A8,dewisunday,dewisunday,False,False,0,0,[]
3849577890770424477,https://www.instagram.com/p/DVscrIakZKd/,18084054779209092,https://www.instagram.com/p/DVscrIakZKd/c/18084054779209092/,Keren Bang @irwandiferry .🔥🔥🔥. Terimakasih pencerahannya,1773193351,3,3067702055,wibowoakhmad.id,Sang Petani Ramie Indonesia,https://scontent.cdninstagram.com/v/t51.2885-19/294519203_1039540156953806_3476865989785897847_n.jpg?stp=dst-jpg_s150x150_tt6&_nc_cat=111&ccb=7-5&_nc_sid=f7ccc5&efg=eyJ2ZW5jb2RlX3RhZyI6InByb2ZpbGVfcGljLnd3dy40NzMuQzMifQ%3D%3D&_nc_ohc=_TCvzut41cMQ7kNvwGh7Jp_&_nc_oc=AdplFiElhfymew6zeC47ZvoCNVTzIWx_Qg6GFi_pQLMo89rFYBBSVnyy88gFbTfeqJ4&_nc_zt=24&_nc_ht=scontent.cdninstagram.com&_nc_ss=7a32e&oh=00_AfyW9Agt3-haJ6NHUB4pAIeD-ze_lHBzwb982snK-Uq0xQ&oe=69C71B85,wibowoakhmad.id,wibowoakhmad.id,False,False,0,0,[]
3849577890770424477,https://www.instagram.com/p/DVscrIakZKd/,18088016480230419,https://www.instagram.com/p/DVscrIakZKd/c/18088016480230419/,Plis lah ternyata kalo pemimpin adalah orang close mindset ada analisis apapun tetap maunya programnya berjalan ya. Pokoknya harus dituruti kemauannya😭,1773727448,1,9137017084,wily_piyann,,https://scontent.cdninstagram.com/v/t51.2885-19/241334947_4638679559496272_3550630544025505777_n.jpg?stp=dst-jpg_s150x150_tt6&_nc_cat=103&ccb=7-5&_nc_sid=f7ccc5&efg=eyJ2ZW5jb2RlX3RhZyI6InByb2ZpbGVfcGljLnd3dy43MjAuQzMifQ%3D%3D&_nc_ohc=UpQbIDpdo-gQ7kNvwGUx6xv&_nc_oc=AdrNq-yXAeP5Ks2vro8OFYdpDNisOrVacwRzO4BKs6G9H-DB1FMGlD9E_5oqBAT9Q5w&_nc_zt=24&_nc_ht=scontent.cdninstagram.com&_nc_ss=7a32e&oh=00_Afx_28H398Ymem_H6Imvjw_WQCQreTtB4ZyNaHk_W3RCMw&oe=69C70E7C,wily_piyann,wily_piyann,False,False,0,0,[]
3849577890770424477,https://www.instagram.com/p/DVscrIakZKd/,18574337203011681,https://www.instagram.com/p/DVscrIakZKd/c/18574337203011681/,Yok sedia payung sebelum hujan badai guys 🙌,1773126401,44,1464532049,febian.cfp,"Febiansyah Afifuddin, CFP®",https://scontent.cdninstagram.com/v/t51.82787-19/619242706_18559072531020050_598077705649668918_n.jpg?stp=dst-jpg_s150x150_tt6&_nc_cat=103&ccb=7-5&_nc_sid=f7ccc5&efg=eyJ2ZW5jb2RlX3RhZyI6InByb2ZpbGVfcGljLnd3dy4xMDgwLkMzIn0%3D&_nc_ohc=t7ikK7JlvPoQ7kNvwEc3R9B&_nc_oc=AdozyAW5TWO1nhbLfwcTGrkjqRZvm7LwRj8zPR6dtwNzKuwsbf0ZPJd7FgrzWFDgC0k&_nc_zt=24&_nc_ht=scontent.cdninstagram.com&_nc_gid=dxr5isMJ5MitYwBBF4O1lg&_nc_ss=7a32e&oh=00_Afyoa4sKpj7QRSeMH2RJsETvF4MyPjJBTBDjD9N1YX9FhQ&oe=69C73213,febian.cfp,febian.cfp,True,False,3,3,[]
3849577890770424477,https://www.instagram.com/p/DVscrIakZKd/,18023117369803327,https://www.instagram.com/p/DVscrIakZKd/c/18023117369803327/,"Setelah ketikan panjang lebar, mbg akan tetap dibagikan saat libur 😂",1773189822,3,213667483,ichsannv,Ichsan Nv,https://scontent.cdninstagram.com/v/t51.82787-19/550721641_18529724098035484_2280515981127219305_n.jpg?stp=dst-jpg_s150x150_tt6&_nc_cat=109&ccb=7-5&_nc_sid=f7ccc5&efg=eyJ2ZW5jb2RlX3RhZyI6InByb2ZpbGVfcGljLnd3dy4xMDgwLkMzIn0%3D&_nc_ohc=6_fB8njMd7YQ7kNvwGpzW8N&_nc_oc=AdoDu33Lp7JjdqGYf0A8AOYBNlx0BtnKM67ejaGWviElVLb36nmmIsCPy30TN145duI&_nc_zt=24&_nc_ht=scontent.cdninstagram.com&_nc_gid=dxr5isMJ5MitYwBBF4O1lg&_nc_ss=7a32e&oh=00_Afx0EVyuvdkxomxodPJGgrIugvb-DP_osllnhfu1EqXaiw&oe=69C732D1,ichsannv,ichsannv,False,False,0,0,[]
3849577890770424477,https://www.instagram.com/p/DVscrIakZKd/,18146703640463915,https://www.instagram.com/p/DVscrIakZKd/c/18146703640463915/,ini baru kritik...gw suka opini lu dan masuk akal @irwandiferry,1773655523,1,69814026497,koh.ayiz,ADR,https://scontent.cdninstagram.com/v/t51.2885-19/465391348_925604622780185_8745591363690012351_n.jpg?stp=dst-jpg_s150x150_tt6&_nc_cat=111&ccb=7-5&_nc_sid=f7ccc5&efg=eyJ2ZW5jb2RlX3RhZyI6InByb2ZpbGVfcGljLnd3dy4xMDgwLkMzIn0%3D&_nc_ohc=Junih9nKs8UQ7kNvwFq6oFv&_nc_oc=AdpddsA57hG4a3g1KZCVxdVIT1pscgm0FCWhSB3QJH061Ag0B2uljdWvUS0vHYqhkV0&_nc_zt=24&_nc_ht=scontent.cdninstagram.com&_nc_ss=7a32e&oh=00_AfyFHaKjrj3B-rLfP5oAqtS0Ti8aNn1-Ibsp7oR0sH9fqQ&oe=69C7222E,koh.ayiz,koh.ayiz,False,False,0,0,[]
3849577890770424477,https://www.instagram.com/p/DVscrIakZKd/,18011369594843936,https://www.instagram.com/p/DVscrIakZKd/c/18011369594843936/,Jogetin aja sih 😂,1773709210,0,2005427168,mnkhatami,,https://scontent.cdninstagram.com/v/t51.82787-19/599346206_18514887514067169_164969417650751119_n.jpg?stp=dst-jpg_s150x150_tt6&_nc_cat=107&ccb=7-5&_nc_sid=f7ccc5&efg=eyJ2ZW5jb2RlX3RhZyI6InByb2ZpbGVfcGljLnd3dy4xMDgwLkMzIn0%3D&_nc_ohc=vw1Q92HJY1YQ7kNvwG14CaV&_nc_oc=Adr3jU07_tjS6BvzMvouyHehdxtobChHRVjo-NSz7XM86u3hSNzuZFd2jmcpTcpWNJ0&_nc_zt=24&_nc_ht=scontent.cdninstagram.com&_nc_gid=dxr5isMJ5MitYwBBF4O1lg&_nc_ss=7a32e&oh=00_AfyLfKdGgL9ZEgD9vyaJpSHtxoyJ7i3-I0JEWWMZj8bXNA&oe=69C7393D,mnkhatami,mnkhatami,False,False,1,1,[]
3849577890770424477,https://www.instagram.com/p/DVscrIakZKd/,17999326553912823,https://www.instagram.com/p/DVscrIakZKd/c/17999326553912823/,Waktunya STOP MBG,1773206844,1,44439462140,ranggawalpresa,Rangga Walpresa,https://scontent.cdninstagram.com/v/t51.82787-19/540751238_18076526879486141_1027251908238093645_n.jpg?stp=dst-jpg_s150x150_tt6&_nc_cat=103&ccb=7-5&_nc_sid=f7ccc5&efg=eyJ2ZW5jb2RlX3RhZyI6InByb2ZpbGVfcGljLnd3dy4xMDUyLkMzIn0%3D&_nc_ohc=p74BWx5S8egQ7kNvwHNjB2J&_nc_oc=Adpd2DyNA-bb5rAIU7haXEeyx2ZZLV4Pk4O7_vGRMmKnTcXMyhjg-fUw9vBz53jz5qQ&_nc_zt=24&_nc_ht=scontent.cdninstagram.com&_nc_gid=dxr5isMJ5MitYwBBF4O1lg&_nc_ss=7a32e&oh=00_Afxdgb9DKb-2nyKja4tTL7OYfaCRW1DU8ej0TXvDV9sM3Q&oe=69C715A0,ranggawalpresa,ranggawalpresa,False,False,1,1,[]
3849577890770424477,https://www.instagram.com/p/DVscrIakZKd/,18059475392382399,https://www.instagram.com/p/DVscrIakZKd/c/18059475392382399/,"Bingung, pendapatan nikel, emas, batubara, timah, tembaga itu pada kemana siiiihhhh 😌😮‍💨",1773142024,1,2004962784,sindysmasscoutz,Sindi Saraswati,https://scontent.cdninstagram.com/v/t51.82787-19/581551374_18514071181066785_3073119840460200145_n.jpg?stp=dst-jpg_s150x150_tt6&_nc_cat=107&ccb=7-5&_nc_sid=f7ccc5&efg=eyJ2ZW5jb2RlX3RhZyI6InByb2ZpbGVfcGljLnd3dy4xMDgwLkMzIn0%3D&_nc_ohc=kaqf0Lbz5twQ7kNvwHKaePx&_nc_oc=AdqaoXQ0om7zXaRua7hvJO6mtM199KGRGdiYiTb8ZMpM6Os51rIETQz11QdkP0oq86s&_nc_zt=24&_nc_ht=scontent.cdninstagram.com&_nc_gid=dxr5isMJ5MitYwBBF4O1lg&_nc_ss=7a32e&oh=00_AfyJHw8UJTtvvKq7oXTo1Ngbl_88bzTtTq4gqlDUrAcdOQ&oe=69C71D4D,sindysmasscoutz,sindysmasscoutz,False,False,0,0,[]
3849577890770424477,https://www.instagram.com/p/DVscrIakZKd/,18091918589038142,https://www.instagram.com/p/DVscrIakZKd/c/18091918589038142/,Harga pertamax naik turun kek ingus 3 bulan terakhir kumaha ieu teh gusti,1773678470,1,3038923452,hantonka,Hanton KA,https://scontent.cdninstagram.com/v/t51.82787-19/563931931_18430256488099453_7683349305173841992_n.jpg?stp=dst-jpg_s150x150_tt6&_nc_cat=107&ccb=7-5&_nc_sid=f7ccc5&efg=eyJ2ZW5jb2RlX3RhZyI6InByb2ZpbGVfcGljLnd3dy43NjguQzMifQ%3D%3D&_nc_ohc=iqaR8VaZPucQ7kNvwGCH0oj&_nc_oc=AdoteVuY4bjzNEvJpJMq2Pj3--9FsXB3_EXHEyJhqul8CT9Xdn7mPX3vbumyuIc6HCI&_nc_zt=24&_nc_ht=scontent.cdninstagram.com&_nc_gid=dxr5isMJ5MitYwBBF4O1lg&_nc_ss=7a32e&oh=00_AfxtOw-eMe71epKLdOurfVk3O4UhKEqzQRdfnI5fPq3k6w&oe=69C72C37,hantonka,hantonka,False,False,0,0,[]
3849577890770424477,https://www.instagram.com/p/DVscrIakZKd/,18093214349043583,https://www.instagram.com/p/DVscrIakZKd/c/18093214349043583/,Kek gini ini sebenarnya pemerintah tuh tau gak ya ? Terus kita ini kudu ngapain gitu mereka tau gak ya harus ngarahin kita harus apa gitu 🙏,1773161746,0,27280215498,genyosablon,TEMPAT BIKIN KAOS TERLENGKAP DI BOJONEGORO,https://scontent.cdninstagram.com/v/t51.2885-19/469506455_635157335737644_2429370394535180981_n.jpg?stp=dst-jpg_s150x150_tt6&_nc_cat=110&ccb=7-5&_nc_sid=f7ccc5&efg=eyJ2ZW5jb2RlX3RhZyI6InByb2ZpbGVfcGljLnd3dy4xMDgwLkMzIn0%3D&_nc_ohc=26aSWAOYwP8Q7kNvwHXp6Qq&_nc_oc=AdpMtBjoiIsiQw5QUxicRYgqVMBYFCTGmRFn_lAh18p2iyUlmI7Bv11OBZlr0unuhIs&_nc_zt=24&_nc_ht=scontent.cdninstagram.com&_nc_ss=7a32e&oh=00_AfwFpA44BOrKLTCMjEgkIy_XkA8S088gi_lnKjEJcDdxxQ&oe=69C72BFA,genyosablon,genyosablon,False,False,1,1,[]
3849577890770424477,https://www.instagram.com/p/DVscrIakZKd/,18099226474749865,https://www.instagram.com/p/DVscrIakZKd/c/18099226474749865/,"bg @irwandiferry kalau artinya harga minyak tinggi kenapa pemerintah malah mau impor dari amerika yang dari beberapa sumber berita  pemerintah mau impor dari amerika untuk menggantikan minyak dari timur tengah kenapa tidak ke rusia, jika indonesia bebas aktif maka indonesia secara politik dan demi bangsa bukannya milih minyak yang lebih murah lebih masuk akal?",1773643867,0,42138701231,kstrmly_usman,KstrMly_Usman,https://scontent.cdninstagram.com/v/t51.2885-19/464991074_1698489200720570_7410571687535022322_n.jpg?stp=dst-jpg_s150x150_tt6&_nc_cat=104&ccb=7-5&_nc_sid=f7ccc5&efg=eyJ2ZW5jb2RlX3RhZyI6InByb2ZpbGVfcGljLnd3dy41MDAuQzMifQ%3D%3D&_nc_ohc=k2qAKhUPT94Q7kNvwEqAycP&_nc_oc=AdqGO50nVt7B-8x_TCqRozWowD-RR_bkMDgwRohWOoIYwx20czIQ63wxefvNaYhYLs0&_nc_zt=24&_nc_ht=scontent.cdninstagram.com&_nc_ss=7a32e&oh=00_Afy7mD_jZL1TMDFClRzlFEIsSmPeJKkHJQWrO-3XKR0h9Q&oe=69C70BED,kstrmly_usman,kstrmly_usman,False,False,1,1,[]
3849577890770424477,https://www.instagram.com/p/DVscrIakZKd/,18095379059076550,https://www.instagram.com/p/DVscrIakZKd/c/18095379059076550/,@prabowo bapakee yukkk bacaa ini pak.. 😢,1773163409,1,807164675,liasftr,Lia Safitri,https://scontent.cdninstagram.com/v/t51.2885-19/35532577_1670600746327579_1798550003677921280_n.jpg?stp=dst-jpg_s150x150_tt6&_nc_cat=102&ccb=7-5&_nc_sid=f7ccc5&efg=eyJ2ZW5jb2RlX3RhZyI6InByb2ZpbGVfcGljLnd3dy4xMDgwLkMzIn0%3D&_nc_ohc=uoBjW2Pj3N8Q7kNvwFs6n5l&_nc_oc=Adpli_TtzoPA_SSLNF6RM18R2GbyVeSAMXNev31vjP_qBKNYIPhsZP_NL-Sz8frmpII&_nc_zt=24&_nc_ht=scontent.cdninstagram.com&_nc_ss=7a32e&oh=00_AfyV2w7R73EHKg6aJXCpJ7pAuBt7cAENg7cgBAQOefK2pw&oe=69C70892,liasftr,liasftr,False,False,0,0,[]
3849577890770424477,https://www.instagram.com/p/DVscrIakZKd/,18084769001258358,https://www.instagram.com/p/DVscrIakZKd/c/18084769001258358/,gara2 MBG kebutuhan juga pada naik contohnya ayam.. harga ayam jdi mahal krn suplier ayam mengutamakan MBG alhasil yg f pasar2 kosong atau minim stock jadilah lonjakan harga. 😢,1773222890,2,463541465,ly_lacnuna,Lylac Nuna,https://scontent.cdninstagram.com/v/t51.2885-19/292197549_697898671254751_8512188474988001668_n.jpg?stp=dst-jpg_s150x150_tt6&_nc_cat=111&ccb=7-5&_nc_sid=f7ccc5&efg=eyJ2ZW5jb2RlX3RhZyI6InByb2ZpbGVfcGljLnd3dy4xMDgwLkMzIn0%3D&_nc_ohc=7d1xmSbEvEsQ7kNvwFHOggT&_nc_oc=AdoSGBaIe4Z5unU82LZyFEuDkXGehFXNtGvAKN5Gzzp2aPB2sjLeGROc_VeXasrJDno&_nc_zt=24&_nc_ht=scontent.cdninstagram.com&_nc_ss=7a32e&oh=00_AfwHD22jTRVZtdVpDVXB1PbhpFC4qWjqWuXttFzPnDbxEg&oe=69C723F1,ly_lacnuna,ly_lacnuna,False,False,2,2,[]
3849577890770424477,https://www.instagram.com/p/DVscrIakZKd/,18021478817807100,https://www.instagram.com/p/DVscrIakZKd/c/18021478817807100/,Lelah liat mbg,1773133982,41,212482097,berburukuliner.id,Berburu Kuliner | Arya Putra,https://scontent.cdninstagram.com/v/t51.2885-19/465953448_1801754134006544_5197596169750728502_n.jpg?stp=dst-jpg_s150x150_tt6&_nc_cat=100&ccb=7-5&_nc_sid=f7ccc5&efg=eyJ2ZW5jb2RlX3RhZyI6InByb2ZpbGVfcGljLnd3dy4xMDgwLkMzIn0%3D&_nc_ohc=GmLgGkrwwmMQ7kNvwHW756w&_nc_oc=Adp2SOxlDEPAjLdjLnht5IpF7tjmaBgBuiZ6_TQxSGiORZXt0lOKTHZIgiQJFwThOtU&_nc_zt=24&_nc_ht=scontent.cdninstagram.com&_nc_ss=7a32e&oh=00_AfwOIRlzEf-YMBTKtVaoL_ZM8TIoc6RfAo4kaDIPwiduTw&oe=69C70FD9,berburukuliner.id,berburukuliner.id,True,False,3,3,[]
3849577890770424477,https://www.instagram.com/p/DVscrIakZKd/,17948004801117960,https://www.instagram.com/p/DVscrIakZKd/c/17948004801117960/,pendukung prabowo tidak suka ini dan menganggapnya serangan personal @hhhanafff 😂,1773139767,1,1609804941,novalptrrr,,https://scontent.cdninstagram.com/v/t51.2885-19/454272151_1066007758438705_189463376022076959_n.jpg?stp=dst-jpg_s150x150_tt6&_nc_cat=103&ccb=7-5&_nc_sid=f7ccc5&efg=eyJ2ZW5jb2RlX3RhZyI6InByb2ZpbGVfcGljLnd3dy43NjcuQzMifQ%3D%3D&_nc_ohc=aTZB6bKHnEsQ7kNvwEJWgEb&_nc_oc=Adoz0PPoPss-BtpY6cc8Mjt4-5NOQj_DQTTzDkXGU6REIS7JwrV6K3b0re6szQzaZ_M&_nc_zt=24&_nc_ht=scontent.cdninstagram.com&_nc_ss=7a32e&oh=00_Afzrid1sjiGUnetR4w88JhirnZR3B5cd-WdXK9azEULPng&oe=69C728B2,novalptrrr,novalptrrr,False,False,0,0,[]
3849577890770424477,https://www.instagram.com/p/DVscrIakZKd/,17918950215268323,https://www.instagram.com/p/DVscrIakZKd/c/17918950215268323/,"Bener bang, bensin itu hal yg sangat fundamental bagi negara kita (sangat berpegaruh untuk roda perekonomian, industri dan transportasi nasional) jadi kalau naik,  sangat benar alokasi fiskal pasti bengkak untuk menutupi subsidi dan kompensasi energi. Untuk kondisi spt ini memang baiknya pemerintah pusat @prabowo @sekertariat_presiden @gerindra mengkaji ulang program nasional. Spt MBG mungkin banyak hal bisa dikaji, keadilan bukan berarti sama rata pak (tapi adanya  kemerataan). Kalau memang bapak presiden ga mau memberhentikan MBG, mungkin kedepannya program ini dilaksanakan cukup di daerah 3T , daerah yg angka stunting tinggi atau daerah Miskin (kan bisa kerjasama dengan @bps_statistics  untuk data Gk,P1,P2. Lalu untuk koperasi merah putih, kami warga awam memang tidak tahu apa dampak strategis program itu, tapi bukannya dampak itu harusnya bisa dirasakan masyarakat luas? Sejauh ini belum ada dampaknya untuk masyarakat kalangan Bawah pak, jadi apa guna programnya? Baiknya di hentikan. @kemenkeuri juga udah bisa lebih berbenah, gaji pegawai kalian tinggi loh dibandingkan pemda dan Kementrian lain, harusnya lebih kreatif dan kompeten dalam masalah pemungutan pajak Pph badan dan pajak perorangan (ini juga salah satu faktor krusial dalam menyehatkan Apbn.",1773457024,2,6874656988,feronikasihotang,feronika sihotang,https://scontent.cdninstagram.com/v/t51.2885-19/371388174_6369557206446564_8887538411348163351_n.jpg?stp=dst-jpg_s150x150_tt6&_nc_cat=100&ccb=7-5&_nc_sid=f7ccc5&efg=eyJ2ZW5jb2RlX3RhZyI6InByb2ZpbGVfcGljLnd3dy4xMDgwLkMzIn0%3D&_nc_ohc=cu3gJ3GgEq4Q7kNvwHqHeDj&_nc_oc=AdoZF89zZny5jdV0vfsqfyvVr-gTI8N-WwiugqC1kunf6kDmxrwQ5a_ZG7wnE7349W4&_nc_zt=24&_nc_ht=scontent.cdninstagram.com&_nc_ss=7a32e&oh=00_AfwpEnoaKv6tGvPXV8F3IH4dujOVlgyoQI_dZSPjcYBDxA&oe=69C73DA1,feronikasihotang,feronikasihotang,False,False,1,1,[]
3849577890770424477,https://www.instagram.com/p/DVscrIakZKd/,18097009082049205,https://www.instagram.com/p/DVscrIakZKd/c/18097009082049205/,Yg kontra mbg berarti gak bersyukur 🙏,1773575448,0,216057893,zahriswan,Zahriswan Mochammad,https://scontent.cdninstagram.com/v/t51.82787-19/546685140_18528229825057894_4372066586933553607_n.jpg?stp=dst-jpg_s150x150_tt6&_nc_cat=105&ccb=7-5&_nc_sid=f7ccc5&efg=eyJ2ZW5jb2RlX3RhZyI6InByb2ZpbGVfcGljLnd3dy4xMDgwLkMzIn0%3D&_nc_ohc=x974xbF5tmAQ7kNvwH5lSr0&_nc_oc=AdotL80652LjIiCAhLUWwp-T8qHdvrE30EzzBWJh9XUq7uoSisF9QxISYpS7XBEjwr0&_nc_zt=24&_nc_ht=scontent.cdninstagram.com&_nc_gid=d5KATtk69PqZlWLyzo3gCw&_nc_ss=7a32e&oh=00_AfwwObfWS0s77e3UrHoPB1OMdxABH_iWHSV0a7lZligyDA&oe=69C72FAB,zahriswan,zahriswan,False,False,1,1,[]
3849577890770424477,https://www.instagram.com/p/DVscrIakZKd/,18089472848156311,https://www.instagram.com/p/DVscrIakZKd/c/18089472848156311/,"nah pmrnth blg,jgn kritik aja tp ga ngasi solusi.ini udh dikasi.kalo masih degil aja,berarti emg omon2 tone deaf sih @prabowo @gerindra",1773183679,10,246040464,fathiyahteea,Teea Fathiyah,https://scontent.cdninstagram.com/v/t51.2885-19/461357140_884145513239280_4181007758132145627_n.jpg?stp=dst-jpg_s150x150_tt6&_nc_cat=101&ccb=7-5&_nc_sid=f7ccc5&efg=eyJ2ZW5jb2RlX3RhZyI6InByb2ZpbGVfcGljLnd3dy43MjAuQzMifQ%3D%3D&_nc_ohc=Skco-X0-3Q4Q7kNvwF8583Q&_nc_oc=AdryJ67iHLnuVoIQXXpXHGB8vC0n1oqFtb0XTdYlw8wrFzo5s7XDFJUK2HkGjWUi5NY&_nc_zt=24&_nc_ht=scontent.cdninstagram.com&_nc_ss=7a32e&oh=00_AfxBAwiMq06ELD_lgOV3YlcjRlHlBHUFFqb3k1xvxndt8A&oe=69C71047,fathiyahteea,fathiyahteea,False,False,0,0,[]
3849577890770424477,https://www.instagram.com/p/DVscrIakZKd/,17928224295217665,https://www.instagram.com/p/DVscrIakZKd/c/17928224295217665/,"Salah semua solusimu Ferry. Kalau defisit menyentuh angka 3% sesuai UU dan harus segera diturunkan dan misalnya harus dengan mengorbankan MBG. Maka, angka 3% nya ganti ke 4-5%, ini solusi mudah dan cepat. Jadi masih ada di bawah batas standar, aman-aman aja. Daripada solusimu ribet dan memusingkan, lebih baik jalur cepat saja. Hidup Prabowo!",1773127287,6,48247228090,maulanaihsaann_,🍉,https://scontent.cdninstagram.com/v/t51.82787-19/621582313_18075953243612091_6367476185112291245_n.jpg?stp=dst-jpg_s150x150_tt6&_nc_cat=103&ccb=7-5&_nc_sid=f7ccc5&efg=eyJ2ZW5jb2RlX3RhZyI6InByb2ZpbGVfcGljLnd3dy4xMDgwLkMzIn0%3D&_nc_ohc=8t6Ukp6apuIQ7kNvwG298cY&_nc_oc=AdolvviykSkFcie_XBVzhIg_QpfOvEN-iOIDA1PLDsJtNx_1jMcdCwUvfIRSsSD-cVw&_nc_zt=24&_nc_ht=scontent.cdninstagram.com&_nc_gid=d5KATtk69PqZlWLyzo3gCw&_nc_ss=7a32e&oh=00_Afxzb1NtFU8882Y9imkwWIR41t4ss68MckV9fDShjJaUyg&oe=69C73D53,maulanaihsaann_,maulanaihsaann_,False,False,10,10,[]
3849577890770424477,https://www.instagram.com/p/DVscrIakZKd/,18060399353380869,https://www.instagram.com/p/DVscrIakZKd/c/18060399353380869/,@irhs_c mudeng ora?,1773205541,0,1987349960,irsyatr,coldbrevv,https://scontent.cdninstagram.com/v/t51.82787-19/618701846_18518828923069961_4969339810347394845_n.jpg?stp=dst-jpg_s150x150_tt6&_nc_cat=107&ccb=7-5&_nc_sid=f7ccc5&efg=eyJ2ZW5jb2RlX3RhZyI6InByb2ZpbGVfcGljLnd3dy4xMDgwLkMzIn0%3D&_nc_ohc=_VbGoN_qRiMQ7kNvwGlqFw3&_nc_oc=AdocIsTbEfkT8CSivELrUc96FxReuKu-V7VR-dhDUadCsDlewTK_TtGR2KabuUQLbZA&_nc_zt=24&_nc_ht=scontent.cdninstagram.com&_nc_gid=d5KATtk69PqZlWLyzo3gCw&_nc_ss=7a32e&oh=00_AfxeRqzidN7-jPWEui53XrKjoC4djW80es8v1L4VthzEXQ&oe=69C73BB1,irsyatr,irsyatr,False,False,1,1,[]
3849577890770424477,https://www.instagram.com/p/DVscrIakZKd/,18205257220330674,https://www.instagram.com/p/DVscrIakZKd/c/18205257220330674/,"Hai Pak @prabowo @sekretariat.kabinet @gibran_rakabuming @gerindra udah dijelasin nih sama bg ferry, klu gak paham dan gak mau dengerin juga gawat sih turun aja kalian dari pemerintah kalau gak mampu!!!! Yuk bisa yuk berbenah!!",1773441020,0,385666290,rizkiasyura,rizki,https://scontent.cdninstagram.com/v/t51.2885-19/305974281_602953651510436_7111882862692001745_n.jpg?stp=dst-jpg_s150x150_tt6&_nc_cat=106&ccb=7-5&_nc_sid=f7ccc5&efg=eyJ2ZW5jb2RlX3RhZyI6InByb2ZpbGVfcGljLnd3dy4xMDgwLkMzIn0%3D&_nc_ohc=vX9FMXfU518Q7kNvwGHBsa3&_nc_oc=AdqBbaQXzZYTFb5f9sh5GYLokjAVmcRRj8pmIioX2PmlfHEy26mF_2aV6XSkcGQo_Ho&_nc_zt=24&_nc_ht=scontent.cdninstagram.com&_nc_ss=7a32e&oh=00_AfyDPJJBanwxUm7iBw5d2HxzhgWgxHB-OJ6fJI0C561J5Q&oe=69C72C9F,rizkiasyura,rizkiasyura,False,False,1,1,[]
3849577890770424477,https://www.instagram.com/p/DVscrIakZKd/,18078402773098719,https://www.instagram.com/p/DVscrIakZKd/c/18078402773098719/,Bismillah MBG ilang,1773171577,0,58333223694,cho_ir06,N(Y)ai,https://scontent.cdninstagram.com/v/t51.2885-19/348997941_156062797439018_6268562040547854403_n.jpg?stp=dst-jpg_s150x150_tt6&_nc_cat=109&ccb=7-5&_nc_sid=f7ccc5&efg=eyJ2ZW5jb2RlX3RhZyI6InByb2ZpbGVfcGljLnd3dy43MjAuQzMifQ%3D%3D&_nc_ohc=jTBBeJaUMJ8Q7kNvwFgq8m2&_nc_oc=AdowMd97s3SNoNpO5_iEzwjg-0YjsO2aRWBuoAco-zRypeIJaP7oO5i-dP9jDe1YbO0&_nc_zt=24&_nc_ht=scontent.cdninstagram.com&_nc_ss=7a32e&oh=00_Afx63wpn4dU2MfleeV5ABHQqDREW1FuKP9JCNuU-0S2_kA&oe=69C72F9D,cho_ir06,cho_ir06,False,False,1,1,[]
3849577890770424477,https://www.instagram.com/p/DVscrIakZKd/,18033552866594260,https://www.instagram.com/p/DVscrIakZKd/c/18033552866594260/,"Kalau ada yg bilang ini ujaran kebencian , perlu di pertanyakan sih keberadaan otak nya .",1773181724,2,8444116426,sholihulfauzan,ojan,https://scontent.cdninstagram.com/v/t51.82787-19/625346041_18307878994284427_1922799816412704704_n.jpg?stp=dst-jpg_s150x150_tt6&_nc_cat=109&ccb=7-5&_nc_sid=f7ccc5&efg=eyJ2ZW5jb2RlX3RhZyI6InByb2ZpbGVfcGljLnd3dy45MTAuQzMifQ%3D%3D&_nc_ohc=CbedUOnABg0Q7kNvwH-30dV&_nc_oc=AdrFd9FjJFHdslNDg5aP44KVdKmVhA3BdewQQEdB7i0EvvqcG8Xp-64Y9tv8t4Ao82Q&_nc_zt=24&_nc_ht=scontent.cdninstagram.com&_nc_gid=d5KATtk69PqZlWLyzo3gCw&_nc_ss=7a32e&oh=00_AfxvYE_CPaZoygcRMxo5Y8OwPMwzT5joNBcFlSz6vf41hw&oe=69C70F83,sholihulfauzan,sholihulfauzan,False,False,2,2,[]
3849577890770424477,https://www.instagram.com/p/DVscrIakZKd/,18097471927808642,https://www.instagram.com/p/DVscrIakZKd/c/18097471927808642/,"Gapapa, kita nanti ngisi kendaraan pake MBG. Supaya kendaraan kita bergizi😂",1773401614,2,4920740152,doddy.my,M. D. Ytama,https://scontent.cdninstagram.com/v/t51.75761-19/503628271_18333586210164153_327734991812795767_n.jpg?stp=dst-jpg_s150x150_tt6&_nc_cat=109&ccb=7-5&_nc_sid=f7ccc5&efg=eyJ2ZW5jb2RlX3RhZyI6InByb2ZpbGVfcGljLnd3dy4xMDgwLkMzIn0%3D&_nc_ohc=WMYe8n0TZqsQ7kNvwGRpZ7z&_nc_oc=AdrnKUDlor42LP1uOrkunJCMt5E_Zxi-czhKClwt6GPap8zzdkyYAtJ1CjoeHehmIQE&_nc_zt=24&_nc_ht=scontent.cdninstagram.com&_nc_gid=d5KATtk69PqZlWLyzo3gCw&_nc_ss=7a32e&oh=00_Afwz6gEZFViVDRKtmNVWhHATL6zNP7URUnPgqoiwAi-sYw&oe=69C718C1,doddy.my,doddy.my,False,False,0,0,[]
3849577890770424477,https://www.instagram.com/p/DVscrIakZKd/,17945881517982510,https://www.instagram.com/p/DVscrIakZKd/c/17945881517982510/,"sehat"" gen z. cari jalan kedepannya makin ribet perihal government gajelas:')",1773401177,2,1697961445,aulianaaaf__,,https://scontent.cdninstagram.com/v/t51.75761-19/508006930_18511066846041446_3034597741955132536_n.jpg?stp=dst-jpg_s150x150_tt6&_nc_cat=106&ccb=7-5&_nc_sid=f7ccc5&efg=eyJ2ZW5jb2RlX3RhZyI6InByb2ZpbGVfcGljLnd3dy4xMDgwLkMzIn0%3D&_nc_ohc=Sc_wpYW_wKwQ7kNvwHioWn0&_nc_oc=Adp9anL6sd8hTgUyvJK0mk0ytxWstXE4zLV6iSm7VKYVdQEfdgHKMXhIgo_WjpIASXk&_nc_zt=24&_nc_ht=scontent.cdninstagram.com&_nc_gid=d5KATtk69PqZlWLyzo3gCw&_nc_ss=7a32e&oh=00_AfzLZu81Fk2CW1RRpU8SoLm9454LXkSxzytTY7DMn6TGgw&oe=69C713FD,aulianaaaf__,aulianaaaf__,False,False,0,0,[]
3849577890770424477,https://www.instagram.com/p/DVscrIakZKd/,17871894450454465,https://www.instagram.com/p/DVscrIakZKd/c/17871894450454465/,"Org pejabatnya kebanyakan inkompetensi gimana bisa mengatasi problematika di negara ini, sampe ada yang dengan pedenya tau urusan HAM sampe bilang banyak sertifikasi.. Emg sertifikasi bisa jadi jaminan? Hahaha ijazah aja bisa dipalsukan apalagi sertifikasi..",1773407953,3,1981718163,putradesuyo,プトラ,https://scontent.cdninstagram.com/v/t51.82787-19/639815853_18533795485070164_7657529503735983403_n.jpg?stp=dst-jpg_s150x150_tt6&_nc_cat=106&ccb=7-5&_nc_sid=f7ccc5&efg=eyJ2ZW5jb2RlX3RhZyI6InByb2ZpbGVfcGljLnd3dy45NjAuQzMifQ%3D%3D&_nc_ohc=85pXqMRVUG0Q7kNvwEswEkb&_nc_oc=AdpPfPbP7nJeh1ol0a43sgQ_bvv_VLn5LediYw0NpNGp3VC45HP6M7F7CBd2hZc9RMg&_nc_zt=24&_nc_ht=scontent.cdninstagram.com&_nc_gid=d5KATtk69PqZlWLyzo3gCw&_nc_ss=7a32e&oh=00_Afx2n3T-pcHnbObPyblhWujDerAj2N9VMlVL1e97L6-Z8A&oe=69C73C66,putradesuyo,putradesuyo,False,False,0,0,[]
3849577890770424477,https://www.instagram.com/p/DVscrIakZKd/,17903148393221085,https://www.instagram.com/p/DVscrIakZKd/c/17903148393221085/,Kira² pengambil kebijakan paham ga analisis seperti ini?,1773408670,3,27296367463,pristiawanwibisono,Pristiawan Wibisono,https://scontent.cdninstagram.com/v/t51.2885-19/404020645_302783922628442_1480051314322208321_n.jpg?stp=dst-jpg_s150x150_tt6&_nc_cat=102&ccb=7-5&_nc_sid=f7ccc5&efg=eyJ2ZW5jb2RlX3RhZyI6InByb2ZpbGVfcGljLnd3dy4xMDgwLkMzIn0%3D&_nc_ohc=RTGT2QRq5HgQ7kNvwGKxiEC&_nc_oc=AdpFUyn3v6p3P9TTfEgJ5HHUI1Owir4afpc4BxhG-s0Brpp4L9hkiumNrAGaoVRIU6k&_nc_zt=24&_nc_ht=scontent.cdninstagram.com&_nc_ss=7a32e&oh=00_AfzFBtR4MrnCa2Cm6P0mg-gtUn8PMtd_pMy3PFJT1Qr0fQ&oe=69C72718,pristiawanwibisono,pristiawanwibisono,False,False,0,0,[]
3849577890770424477,https://www.instagram.com/p/DVscrIakZKd/,18076821449385876,https://www.instagram.com/p/DVscrIakZKd/c/18076821449385876/,"Alah mah da, yang peduli jo kejadian ko ndak ado yang punyo kewenangan. Yang punyo kewenangan malah ndak peduli samo sekali. Panek-panek da peri se ko nyo.",1773386258,1,1536268315,gshmnr,Gusha Menri,https://scontent.cdninstagram.com/v/t51.82787-19/631610560_18564655018012316_6325615898354139302_n.jpg?stp=dst-jpg_s150x150_tt6&_nc_cat=108&ccb=7-5&_nc_sid=f7ccc5&efg=eyJ2ZW5jb2RlX3RhZyI6InByb2ZpbGVfcGljLnd3dy4xMDgwLkMzIn0%3D&_nc_ohc=YLyRBczU6ZkQ7kNvwHFPdQ8&_nc_oc=AdoqajL7b5UxnEzcx7Dk_4HQGKy1iUX9QMn-_0Xal-XPHhYXjpdgmoUHrxlxmZjip2M&_nc_zt=24&_nc_ht=scontent.cdninstagram.com&_nc_gid=3Hy4TZBXchkRktnpDSpwow&_nc_ss=7a32e&oh=00_Afw-5sSONfEaWjITd80tx2yOL2wL6H9HazpQwAX-OHe2WQ&oe=69C71C4F,gshmnr,gshmnr,False,False,0,0,[]
3849577890770424477,https://www.instagram.com/p/DVscrIakZKd/,18012037556833945,https://www.instagram.com/p/DVscrIakZKd/c/18012037556833945/,@irwandiferry punya kepala negara yang gak ngerti ekonomi susah ya bang 😭,1773394457,1,1471452284,hendhendry18,Hendry Hendry,https://scontent.cdninstagram.com/v/t51.2885-19/320446003_462864939334641_8379427150709760087_n.jpg?stp=dst-jpg_s150x150_tt6&_nc_cat=106&ccb=7-5&_nc_sid=f7ccc5&efg=eyJ2ZW5jb2RlX3RhZyI6InByb2ZpbGVfcGljLnd3dy40NzEuQzMifQ%3D%3D&_nc_ohc=80ayH3Gw9ngQ7kNvwF5i8fg&_nc_oc=AdpV0l_rDNl4zo-AMZP08QDfs_ivhXt5wSYFrDCoGVTq4aCY0V4kTBLD5H9aQBDuX0w&_nc_zt=24&_nc_ht=scontent.cdninstagram.com&_nc_ss=7a32e&oh=00_AfyBB1s0ieJxVj3rLQGxVM-WZo-RC9lGJ_JuR8XNFwwDCg&oe=69C726B0,hendhendry18,hendhendry18,False,False,0,0,[]
3849577890770424477,https://www.instagram.com/p/DVscrIakZKd/,18355038634231468,https://www.instagram.com/p/DVscrIakZKd/c/18355038634231468/,"Gasss Wapres bang, dr pada Wapres si onoh, bisanya cuma buat konten lucu2 an dan isi ota*nya = kosong😂",1773396974,1,2154865601,ricky.telew03,Ricky Yunior Telew,https://scontent.cdninstagram.com/v/t51.82787-19/541605128_18504159283065602_7348766208354186660_n.jpg?stp=dst-jpg_s150x150_tt6&_nc_cat=100&ccb=7-5&_nc_sid=f7ccc5&efg=eyJ2ZW5jb2RlX3RhZyI6InByb2ZpbGVfcGljLnd3dy4xMDgwLkMzIn0%3D&_nc_ohc=mjBHZowpKQgQ7kNvwE-yM1i&_nc_oc=AdpDfluc8f7XOMOvEnRRfjOnLUvn7758oaK_e4x6Lm-AB7NunGPGHkKwE46k7W4vCV4&_nc_zt=24&_nc_ht=scontent.cdninstagram.com&_nc_gid=3Hy4TZBXchkRktnpDSpwow&_nc_ss=7a32e&oh=00_AfxtMjaAVwFpfsbGnVFU5fo5sqnr5Uy9z4HLwBDOoIDujA&oe=69C73BB9,ricky.telew03,ricky.telew03,False,False,0,0,[]
3849577890770424477,https://www.instagram.com/p/DVscrIakZKd/,18117274213628588,https://www.instagram.com/p/DVscrIakZKd/c/18117274213628588/,Menghargai kompleksitas adalah langkah pertama untuk tidak jadi sok tahu.,1773398143,1,55562993644,davidlusyan,Lus yan,https://scontent.cdninstagram.com/v/t51.2885-19/468904496_1104962391361762_2642852336308224974_n.jpg?stp=dst-jpg_s150x150_tt6&_nc_cat=110&ccb=7-5&_nc_sid=f7ccc5&efg=eyJ2ZW5jb2RlX3RhZyI6InByb2ZpbGVfcGljLnd3dy4xMDgwLkMzIn0%3D&_nc_ohc=E_4YKdpXti4Q7kNvwFITGnI&_nc_oc=Adqb3w7Eu_9Vw67xfngwTzWNLx3e7RtwppbdIP853sGlf38Ok7r4pQdwRuqAXZghKlQ&_nc_zt=24&_nc_ht=scontent.cdninstagram.com&_nc_ss=7a32e&oh=00_AfyoUQrqz2UDsVcj8E-u3RgfAP2i728Vo5pDz8-ISXnr9w&oe=69C7116B,davidlusyan,davidlusyan,False,False,0,0,[]
3849577890770424477,https://www.instagram.com/p/DVscrIakZKd/,18144940414470628,https://www.instagram.com/p/DVscrIakZKd/c/18144940414470628/,Pintar kali kau bang... 👍👍👍,1773400246,1,1832894651,rafika_rachmaningrum,Rafika R. Rachmaningrum,https://scontent.cdninstagram.com/v/t51.2885-19/195487369_288804032955545_7539628505655777345_n.jpg?stp=dst-jpg_s150x150_tt6&_nc_cat=105&ccb=7-5&_nc_sid=f7ccc5&efg=eyJ2ZW5jb2RlX3RhZyI6InByb2ZpbGVfcGljLnd3dy4xMDc5LkMzIn0%3D&_nc_ohc=IoREI7Fa-2YQ7kNvwFTa7oA&_nc_oc=AdrpTXZEDvd7wrBRfBOjIqQiWcmR4JHY5AW6D3p0GO1fhQjfW6j_BeV2uFqdQ1yng_I&_nc_zt=24&_nc_ht=scontent.cdninstagram.com&_nc_ss=7a32e&oh=00_AfwwaIBsfCLti2n2pdrePcm5zZUWyYt4kfFqQG7x0ranoQ&oe=69C734F4,rafika_rachmaningrum,rafika_rachmaningrum,False,False,0,0,[]
3849577890770424477,https://www.instagram.com/p/DVscrIakZKd/,18103871437856178,https://www.instagram.com/p/DVscrIakZKd/c/18103871437856178/,Apakah Lansia itu punya Daya berpikir kayak Ferry Irwandi? 🙏🏻,1773354336,3,14679960188,sakh.inst,Sakh inst,https://scontent.cdninstagram.com/v/t51.82787-19/655841118_18145262233488189_1181785477344442804_n.jpg?stp=dst-jpg_s150x150_tt6&_nc_cat=110&ccb=7-5&_nc_sid=f7ccc5&efg=eyJ2ZW5jb2RlX3RhZyI6InByb2ZpbGVfcGljLnd3dy4xMDgwLkMzIn0%3D&_nc_ohc=tqAIcPfIWaQQ7kNvwEmN0jX&_nc_oc=AdpjzmxgzN_dfnnTgML9qtVkWZcPG-jPiVTH99_PdICzOPbIjrq0sbES1fq_9fn4Zlk&_nc_zt=24&_nc_ht=scontent.cdninstagram.com&_nc_gid=3Hy4TZBXchkRktnpDSpwow&_nc_ss=7a32e&oh=00_Afx7rYomxSKlLqNm-fkA_BAORNwoIimVVb1ZQDtjuf1dEw&oe=69C7319F,sakh.inst,sakh.inst,False,False,1,1,[]
3849577890770424477,https://www.instagram.com/p/DVscrIakZKd/,18317523616264746,https://www.instagram.com/p/DVscrIakZKd/c/18317523616264746/,Ora urus yang penting mbg jalan terus 👏,1773129719,2,2349842420,fikygif,Fiky,https://scontent.cdninstagram.com/v/t51.89012-19/573323465_1219825463302212_7278921664109726296_n.jpg?stp=dst-jpg_s150x150_tt6&_nc_cat=1&ccb=7-5&_nc_sid=f7ccc5&efg=eyJ2ZW5jb2RlX3RhZyI6InByb2ZpbGVfcGljLnd3dy5DMyJ9&_nc_ohc=ETm113VsG6sQ7kNvwGThyG8&_nc_oc=AdrdLhp89Xn1MaaId_zmh2BZphYfvP8rDFwdxozQACrifQ3sfWIV4MRCZQYMQXScMFQ&_nc_zt=24&_nc_ht=scontent.cdninstagram.com&_nc_gid=3Hy4TZBXchkRktnpDSpwow&_nc_ss=7a32e&oh=00_AfzjJNitwtxEb-yPED1HeNYLN0G6wS6AX81fsMZLvZ03Tw&oe=69C728E2,fikygif,fikygif,False,False,0,0,[]
3849577890770424477,https://www.instagram.com/p/DVscrIakZKd/,17855710641587341,https://www.instagram.com/p/DVscrIakZKd/c/17855710641587341/,Dan bulan beberapa bulan kedepan bakal ada 4000 ASN ikut KOMCAD yang pasti ngabisin duit milyaran,1773126017,325,1907675317,my.hill_,Hilmy,https://scontent.cdninstagram.com/v/t51.2885-19/311017318_2936228806681116_3076008758400021376_n.jpg?stp=dst-jpg_s150x150_tt6&_nc_cat=106&ccb=7-5&_nc_sid=f7ccc5&efg=eyJ2ZW5jb2RlX3RhZyI6InByb2ZpbGVfcGljLnd3dy43NTIuQzMifQ%3D%3D&_nc_ohc=puYph1GO0aMQ7kNvwGyVZFF&_nc_oc=AdqirBG8uSnC_qefhVsn4YrxWIwqG1RLDvHj3DEjKmgMtAIe11Hzc56_okXJPoeFhLI&_nc_zt=24&_nc_ht=scontent.cdninstagram.com&_nc_ss=7a32e&oh=00_AfzaxBQGeVN5vQGTduCTELFVoyOoqalbnd8EHdK7l7A0zA&oe=69C72EFD,my.hill_,my.hill_,False,False,9,9,[]
3849577890770424477,https://www.instagram.com/p/DVscrIakZKd/,17980491617980064,https://www.instagram.com/p/DVscrIakZKd/c/17980491617980064/,"Terus tetang Bang.. Saya punya 3 anak yg lagi sekolah. Tiap hari bawa pulang MBG, dan saya menjadi orang yg sering buang makanan, jadinya mubadzir kan yah.. selama ramadan ini kulkas saya penuh dengan telur rebus dari MBG, tiap anak 2 telur per hari. Kali 3 anak, apa gak full telur tuh kulkas. Bukannya gak bersyukur atau sombong, tapi MBG ini banyakan tidak tepat sasarannya 😩😩😩🙏🏼🙏🏼🙏🏼",1773284369,2,40058691,khanza_photobooth,PHOTOBOOTH MAKASSAR - GOWA,https://scontent.cdninstagram.com/v/t51.2885-19/405782896_3276580685973770_8676565903247491872_n.jpg?stp=dst-jpg_s150x150_tt6&_nc_cat=108&ccb=7-5&_nc_sid=f7ccc5&efg=eyJ2ZW5jb2RlX3RhZyI6InByb2ZpbGVfcGljLnd3dy4xMDgwLkMzIn0%3D&_nc_ohc=Nejap4IMP3kQ7kNvwEdyAtG&_nc_oc=AdoOdvaNJiBvGwQXiXMckf7jml4ZppsYukSP9fPuzzkj-i4Tu1mF1NgHoVs9v-W5uY4&_nc_zt=24&_nc_ht=scontent.cdninstagram.com&_nc_ss=7a32e&oh=00_AfxguYJ4W78oQqPeJlfOPckS30Yp2EERfJ2yyrdVMYlwug&oe=69C720DF,khanza_photobooth,khanza_photobooth,False,False,1,1,[]
3849577890770424477,https://www.instagram.com/p/DVscrIakZKd/,18073823765532023,https://www.instagram.com/p/DVscrIakZKd/c/18073823765532023/,Lagu Ghiblinya santuy banget bang 🤣 🙌,1773125767,19,5956735943,dcmkfi,Komunitas Detective Conan & Magic Kaito Fans Indonesia [DCMKFI],https://scontent.cdninstagram.com/v/t51.82787-19/591126003_18384446155199944_3612348091148497014_n.jpg?stp=dst-jpg_s150x150_tt6&_nc_cat=103&ccb=7-5&_nc_sid=f7ccc5&efg=eyJ2ZW5jb2RlX3RhZyI6InByb2ZpbGVfcGljLnd3dy4xMDgwLkMzIn0%3D&_nc_ohc=kSMonOvvWQQQ7kNvwHfPiYG&_nc_oc=AdpvH2xMcYabw0ZprSpE6F4-DLDcq5Cy_8dIa6br3cYtk1sN52sO65cu6eM-ytbJvxA&_nc_zt=24&_nc_ht=scontent.cdninstagram.com&_nc_gid=3Hy4TZBXchkRktnpDSpwow&_nc_ss=7a32e&oh=00_Afy6wjqDXA3-ZwHfaT2PrZ4pTYTUboNJ13V1t3vwrbPVww&oe=69C725E6,dcmkfi,dcmkfi,False,False,1,1,[]
3849577890770424477,https://www.instagram.com/p/DVscrIakZKd/,17879388621486451,https://www.instagram.com/p/DVscrIakZKd/c/17879388621486451/,Mohon izin pak bapak yang kami hormati 🙏🏼🙏🏼 @prabowo @menkeuri @anggarakaprabowo @dpr_ri @sekretariat.kabinet @kemenkeuri @presidenrepublikindonesia @teddy_hq,1773126401,45,265751178,heyhooonita,𝐑𝐚𝐭𝐧𝐚 𝐘𝐮𝐧𝐢𝐭𝐚,https://scontent.cdninstagram.com/v/t51.2885-19/398470002_356586057030036_5541788713563596317_n.jpg?stp=dst-jpg_s150x150_tt6&_nc_cat=106&ccb=7-5&_nc_sid=f7ccc5&efg=eyJ2ZW5jb2RlX3RhZyI6InByb2ZpbGVfcGljLnd3dy43MzYuQzMifQ%3D%3D&_nc_ohc=CTmXSSgUKpsQ7kNvwH7u-s-&_nc_oc=Adpb5VbdFoX5v5ATWyDqMJg5GwB1I3W6Ad9ThVhe0b22NtZ1-MXfQgXUsjIhvoa8hGk&_nc_zt=24&_nc_ht=scontent.cdninstagram.com&_nc_ss=7a32e&oh=00_AfyykYdlew0tM_ad-Gm8olFe5EVD7KilDNP7sd276mttRg&oe=69C72F9E,heyhooonita,heyhooonita,False,False,5,5,[]
3849577890770424477,https://www.instagram.com/p/DVscrIakZKd/,17873917065551597,https://www.instagram.com/p/DVscrIakZKd/c/17873917065551597/,Stop MBG Stop KopDes Stop Sekolah Rakyat Stop Gentengisasi,1773363033,1,68782079034,luks_gis,luks,https://scontent.cdninstagram.com/v/t51.2885-19/457640203_529825839576146_5256941081007822528_n.jpg?stp=dst-jpg_s150x150_tt6&_nc_cat=105&ccb=7-5&_nc_sid=f7ccc5&efg=eyJ2ZW5jb2RlX3RhZyI6InByb2ZpbGVfcGljLnd3dy4xMDgwLkMzIn0%3D&_nc_ohc=vGOJ9Se-eAMQ7kNvwHF3w-Q&_nc_oc=AdqGkO1AqfdcivDD7LTC2XejjUjOo8YTSEU6offyyVgMVzHxQc1AaBllf5XhNk8OdDE&_nc_zt=24&_nc_ht=scontent.cdninstagram.com&_nc_ss=7a32e&oh=00_AfwDxXgEVMqXZ0bKSrCxp75-WTWJGG4tGES44JJyLsqRJg&oe=69C7083D,luks_gis,luks_gis,False,False,0,0,[]
3849577890770424477,https://www.instagram.com/p/DVscrIakZKd/,18314964829267488,https://www.instagram.com/p/DVscrIakZKd/c/18314964829267488/,"YYAH GIMANA LEBARAN MBG TETAP JALAN , apa ga curiga lu pada ama kepala BGN tu🗿",1773126712,43,1550975900,dikiyudas,ديكي يد ستريا,https://scontent.cdninstagram.com/v/t51.75761-19/502711136_18511323067063901_8201047246811942248_n.jpg?stp=dst-jpg_s150x150_tt6&_nc_cat=111&ccb=7-5&_nc_sid=f7ccc5&efg=eyJ2ZW5jb2RlX3RhZyI6InByb2ZpbGVfcGljLnd3dy4xMDgwLkMzIn0%3D&_nc_ohc=Um-zSWCQcEcQ7kNvwH8YNd-&_nc_oc=AdoB876wPMMnZcbp6RwGtNnqF6iCYKqkq9F7LGPMsDC3cnoU7Q-7tYee6KIhfHVDqoI&_nc_zt=24&_nc_ht=scontent.cdninstagram.com&_nc_gid=3Hy4TZBXchkRktnpDSpwow&_nc_ss=7a32e&oh=00_AfzLQuO_LQ2OXH0a-y6J_kR_yDSxb8bN_ssTWGp5PhRaFQ&oe=69C7251B,dikiyudas,dikiyudas,False,False,0,0,[]
3849577890770424477,https://www.instagram.com/p/DVscrIakZKd/,18449750542106478,https://www.instagram.com/p/DVscrIakZKd/c/18449750542106478/,"Warga Indonesia itu twelihat sangat tenang, kalem, pasrah, bodo amat sama dolar naik, karenaaa.. karenaaaa kita berasa bsa gotong ryong saling bantu. WARGA BANTU WARGA. Karena Negara ""menghimbau"" buat persiapan tapi tidak diajak. ""Dihimbau"" bukan ditata ya.",1773126556,34,519133285,putrizakiasalsabila,Putri Zakia Salsabila | Read Aloud Trainer (Certified),https://scontent.cdninstagram.com/v/t51.82787-19/609695030_18551335477029286_3105133787838823699_n.jpg?stp=dst-jpg_s150x150_tt6&_nc_cat=102&ccb=7-5&_nc_sid=f7ccc5&efg=eyJ2ZW5jb2RlX3RhZyI6InByb2ZpbGVfcGljLnd3dy4xMDgwLkMzIn0%3D&_nc_ohc=4tDMSX39198Q7kNvwGMUFBO&_nc_oc=AdrPdbe8QXaJjY3kbQ-uA5BYDuVdscUo6CRVvowydTjAtGQBwA9IwD1Wp8hULe-RHf0&_nc_zt=24&_nc_ht=scontent.cdninstagram.com&_nc_gid=3Hy4TZBXchkRktnpDSpwow&_nc_ss=7a32e&oh=00_AfyD0862iSLVve6IZCDr_I-_v1bO-CGbyZdCfHntjfH4HA&oe=69C72BA9,putrizakiasalsabila,putrizakiasalsabila,False,False,0,0,[]
3849577890770424477,https://www.instagram.com/p/DVscrIakZKd/,18104880925889339,https://www.instagram.com/p/DVscrIakZKd/c/18104880925889339/,"Kayanya lu lebih pinter dari pemerintah deh bang, eh tapi pemerintah ""mungkin aja"" lebih pinter dari Ferry juga si, tapi apakah akan ""lebih peduli?"" 🤔 😅",1773192964,4,5908969197,staywith_ef,Staycation & Review with EF,https://scontent.cdninstagram.com/v/t51.82787-19/630395086_18419992642193198_7545053795256588142_n.jpg?stp=dst-jpg_s150x150_tt6&_nc_cat=109&ccb=7-5&_nc_sid=f7ccc5&efg=eyJ2ZW5jb2RlX3RhZyI6InByb2ZpbGVfcGljLnd3dy4xMDEwLkMzIn0%3D&_nc_ohc=nlaTUrJz2TgQ7kNvwE82rK0&_nc_oc=AdqvP6EqLS79bSWn_yTuouUpHRKavXKTVc8eM0iB0mvH0IsAt_5f9J3_BnipqRAk43g&_nc_zt=24&_nc_ht=scontent.cdninstagram.com&_nc_gid=pZJSf8b_6P-1hZlqEn6O0A&_nc_ss=7a32e&oh=00_AfyrueQYRvHbJciIMWXYqyR-MWDCJHDedgKhAkWwswgC2g&oe=69C71578,staywith_ef,staywith_ef,False,False,0,0,[]
3849577890770424477,https://www.instagram.com/p/DVscrIakZKd/,17876335413537098,https://www.instagram.com/p/DVscrIakZKd/c/17876335413537098/,"Sebenarnya dalam banyak hal, masyarakat kita bisa mandiri. Energi: ada kayu bakar, dulu ada minyak tanah , arang dll. Bisa juga switch ke kompor listrik.  Untuk listrik pun banyak yg inisiatif pake solar panel. Pun dalam hal konsumsi makanan, banyak pangan lokal dan sebenernya kita makan melebihi kebutuhan. Setuju kalau pemerintah memberikan pembatasan subsidi dan penghematan.",1773230007,1,4441786190,mukhtaromalirakhman,Mukhtarom Ali Rakhman,https://scontent.cdninstagram.com/v/t51.2885-19/16110550_1164366123678816_3601714275405529088_n.jpg?stp=dst-jpg_s150x150_tt6&_nc_cat=104&ccb=7-5&_nc_sid=f7ccc5&efg=eyJ2ZW5jb2RlX3RhZyI6InByb2ZpbGVfcGljLnd3dy4yMDAuQzMifQ%3D%3D&_nc_ohc=eSPfmfjh7MwQ7kNvwH9bljZ&_nc_oc=AdqlwTiHQT5jrYMfXIjLE1BLtJ3mM4JSgtmum4ThdgYal51QBy1i0M6MiV7fs-EqMwE&_nc_zt=24&_nc_ht=scontent.cdninstagram.com&_nc_ss=7a32e&oh=00_AfwZ9gW8rb5v3F2OMGgZcimZ4P3C4Q8Gd0YMyXMZepEaRA&oe=69C72FD1,mukhtaromalirakhman,mukhtaromalirakhman,False,False,0,0,[]
3849577890770424477,https://www.instagram.com/p/DVscrIakZKd/,18089287814142209,https://www.instagram.com/p/DVscrIakZKd/c/18089287814142209/,gmna bray mo jdi bandar minyak g ? @hapizilhamm,1773162983,0,5804713006,maarcoopooloo__,Mεs’ ⁵⁰⁵,https://scontent.cdninstagram.com/v/t51.82787-19/583488569_18395581780193007_3341685149422918945_n.jpg?stp=dst-jpg_s150x150_tt6&_nc_cat=102&ccb=7-5&_nc_sid=f7ccc5&efg=eyJ2ZW5jb2RlX3RhZyI6InByb2ZpbGVfcGljLnd3dy4xMDgwLkMzIn0%3D&_nc_ohc=WnvqVz1eIQ8Q7kNvwGqbOGA&_nc_oc=AdrzFbbDPN9QtAs80PdQ6Vvs-KarDyvhWoT0H3qywKD69twJPUqjSQlBDAeP11vT7ck&_nc_zt=24&_nc_ht=scontent.cdninstagram.com&_nc_gid=pZJSf8b_6P-1hZlqEn6O0A&_nc_ss=7a32e&oh=00_AfyXZOSvdEWyCfK8Ixw7S1mb3gU0FDvD_YCegyzebauqPg&oe=69C72620,maarcoopooloo__,maarcoopooloo__,False,False,1,1,[]
3849577890770424477,https://www.instagram.com/p/DVscrIakZKd/,18095399776978824,https://www.instagram.com/p/DVscrIakZKd/c/18095399776978824/,"Semoga pak seskab, menkeu, men esdm baca dan terima masukan",1773125581,66,8522207230,ankayehezkiel,Anka Yehezkiel,https://scontent.cdninstagram.com/v/t51.2885-19/446192826_7545724882183865_5717134112992883210_n.jpg?stp=dst-jpg_s150x150_tt6&_nc_cat=110&ccb=7-5&_nc_sid=f7ccc5&efg=eyJ2ZW5jb2RlX3RhZyI6InByb2ZpbGVfcGljLnd3dy4xMDgwLkMzIn0%3D&_nc_ohc=teY0_WUByyoQ7kNvwHDj_On&_nc_oc=AdpXNYSJsNbMHb8hYmsLGFQnqiAUwJwoXiG0vV55Zv3U0yzj-LB9Tkh8-EtHkM596sg&_nc_zt=24&_nc_ht=scontent.cdninstagram.com&_nc_ss=7a32e&oh=00_AfwAqy6zFCxHXqkbcenuDmBDK-zuJpAqBSh6fMrE3Rvmpw&oe=69C7333F,ankayehezkiel,ankayehezkiel,False,False,9,9,[]
3849577890770424477,https://www.instagram.com/p/DVscrIakZKd/,18316283029255328,https://www.instagram.com/p/DVscrIakZKd/c/18316283029255328/,"Tolong dibaca, dipahami, diresapi.  @prabowo @prabowo.gibran2 @purbayayudhi.official @bahlillahadalia",1773126299,0,1695009807,iswaradatcong,Iswara Datcong,https://scontent.cdninstagram.com/v/t51.2885-19/265121844_452502039572371_4600842555314083938_n.jpg?stp=dst-jpg_s150x150_tt6&_nc_cat=102&ccb=7-5&_nc_sid=f7ccc5&efg=eyJ2ZW5jb2RlX3RhZyI6InByb2ZpbGVfcGljLnd3dy4xMDgwLkMzIn0%3D&_nc_ohc=S5aAyfo1E0UQ7kNvwEcmDVl&_nc_oc=Ado04qyoM6As8GKgEYdcu7mQ53yg2r0djUE0Yjk_4b-19PrUCQbyXjIyjmS0_s0-III&_nc_zt=24&_nc_ht=scontent.cdninstagram.com&_nc_ss=7a32e&oh=00_AfwGA22GMkcEaIJ1ZtbJxCP2ms5d2ATn_UwnKzlzQxVA_Q&oe=69C71092,iswaradatcong,iswaradatcong,False,False,4,4,[]
3849577890770424477,https://www.instagram.com/p/DVscrIakZKd/,18094817030074436,https://www.instagram.com/p/DVscrIakZKd/c/18094817030074436/,"Tp pemerintah ttp milih gas MBG, beli mobil koperasi merah putih dan belanja lain yg ga jelas tujuannya
Uda ditahap mmng mikir pemerintah mau negara ini bubar🙏",1773195692,1,4201214637,rakhelnovk,Raquel,https://scontent.cdninstagram.com/v/t51.75761-19/509190832_18393224773142638_8335225999862721721_n.jpg?stp=dst-jpg_s150x150_tt6&_nc_cat=109&ccb=7-5&_nc_sid=f7ccc5&efg=eyJ2ZW5jb2RlX3RhZyI6InByb2ZpbGVfcGljLnd3dy4xMDgwLkMzIn0%3D&_nc_ohc=5fAQjPlqwR8Q7kNvwF7ygyQ&_nc_oc=Adr5o1zVDAgKVrGrVsefKEImJ5uGUeHSkmhMAjAH2lnqQ4nCc1pZz0arBOsvUL1WYVQ&_nc_zt=24&_nc_ht=scontent.cdninstagram.com&_nc_gid=pZJSf8b_6P-1hZlqEn6O0A&_nc_ss=7a32e&oh=00_Afxe-1Uvr5kXokVS42XleI1LQefMUGxH2CeznVXpea0a1A&oe=69C707F7,rakhelnovk,rakhelnovk,False,False,0,0,[]
3849577890770424477,https://www.instagram.com/p/DVscrIakZKd/,18163266352417980,https://www.instagram.com/p/DVscrIakZKd/c/18163266352417980/,Gak bisa stop dulu ya MBG?,1773140961,0,40360057433,adhika.pelagosa,Adhika Pelagosa,https://scontent.cdninstagram.com/v/t51.2885-19/427612905_1110992030035685_4758309582887828475_n.jpg?stp=dst-jpg_s150x150_tt6&_nc_cat=103&ccb=7-5&_nc_sid=f7ccc5&efg=eyJ2ZW5jb2RlX3RhZyI6InByb2ZpbGVfcGljLnd3dy4xMDgwLkMzIn0%3D&_nc_ohc=GJygnQd7Tt4Q7kNvwGS4tdI&_nc_oc=AdrSoChV4Sz9Q-K0rp74UEOUd1FadG0MFfOOPFBBjGclOT5lVOhuXP1vQv8N-uY0MwY&_nc_zt=24&_nc_ht=scontent.cdninstagram.com&_nc_ss=7a32e&oh=00_AfyzBW3bKOIC0lqEMzaJ7wXMAcDzWv-BZmM5efccmY1_mg&oe=69C70CF1,adhika.pelagosa,adhika.pelagosa,False,False,2,2,[]
3849577890770424477,https://www.instagram.com/p/DVscrIakZKd/,17844345372694410,https://www.instagram.com/p/DVscrIakZKd/c/17844345372694410/,"Pejabat konoha mana mau dikasih masukan kaya gini? Mereka cuma peduli sama perut sendiri. Bahkan mereka anggap klo nerima masukan dari rakyat artinya adalah kelemahan bagi mereka. Mereka enggak mau dapet masukan sekalipun dari rakyat yg bijak. 

Pengalaman soalnya. pemerintah isinya kebanyakannya ordal semua yg gatau keahliannya apa.",1773178741,1,8477548047,kholidiaalifahmei,Alifah Mei Kholidia,https://scontent.cdninstagram.com/v/t51.82787-19/656192906_18309930793284048_7879985592963950717_n.jpg?stp=dst-jpg_s150x150_tt6&_nc_cat=111&ccb=7-5&_nc_sid=f7ccc5&efg=eyJ2ZW5jb2RlX3RhZyI6InByb2ZpbGVfcGljLnd3dy4xMDgwLkMzIn0%3D&_nc_ohc=zBzQJhoX3ncQ7kNvwH42XRb&_nc_oc=AdoBJUEBbXC5vy2eiklPCK7dTUJBp-KgCfJVQqryHW_Q0qksz9fulm86yX3hjObt8RM&_nc_zt=24&_nc_ht=scontent.cdninstagram.com&_nc_gid=pZJSf8b_6P-1hZlqEn6O0A&_nc_ss=7a32e&oh=00_AfwkAHRY94BV82OsjiIsJOSTXjhtKhxdilXpvy0K6Ym_jQ&oe=69C7399C,kholidiaalifahmei,kholidiaalifahmei,False,False,0,0,[]
3849577890770424477,https://www.instagram.com/p/DVscrIakZKd/,18567394531016072,https://www.instagram.com/p/DVscrIakZKd/c/18567394531016072/,Hentikan MBG,1774271604,0,6051339138,m.alzumri,M Alzumri SE,https://scontent.cdninstagram.com/v/t51.2885-19/462471396_1856009414807558_978102344805761602_n.jpg?stp=dst-jpg_s150x150_tt6&_nc_cat=105&ccb=7-5&_nc_sid=f7ccc5&efg=eyJ2ZW5jb2RlX3RhZyI6InByb2ZpbGVfcGljLnd3dy4xMDQ3LkMzIn0%3D&_nc_ohc=YEHCEwq8SfoQ7kNvwGLHMPO&_nc_oc=AdoyMXUhEH3xEZw3njEpVdEnDf0KWXhNB-Djb7QbPNj7Fy6mJwlmYLmuYLcKxIjV8Qg&_nc_zt=24&_nc_ht=scontent.cdninstagram.com&_nc_ss=7a32e&oh=00_AfwkoCCgX5Tp8v-3nmAabm-ghP6GJXHukw0yu-q1mkkE1w&oe=69C73CFF,m.alzumri,m.alzumri,False,False,0,0,[]
3849577890770424477,https://www.instagram.com/p/DVscrIakZKd/,17859231612654408,https://www.instagram.com/p/DVscrIakZKd/c/17859231612654408/,"👍 nah kritik dengan pandang dan ynag membangun serta problem solving seperti ini yg sekarang dibutuhkan dan sudah langka di Indonesia, dan semoga jd budaya. Bukan kritik dengan narasi dan diksi menjatuhkan atau kebencian yg tidak rasional. Bagaimanapun pemerintah tetap membutuhkan masyarakatnya untuk memberikan kritik, saran, dan pendapat untuk saling mencari solusi, bukan pembenaran untuk saling membenci. Sehat slalu bang @irwandiferry semoga dengan besar hati, dan mempertimbangkan sgala hal pak @prabowo dan team nya mengambil kebijakan yg terbaik dari masukkan2 yang ada.",1774268975,0,1355866347,andhika_sw,Andhika Satriya W,https://scontent.cdninstagram.com/v/t51.82787-19/541539199_18522780475026348_4407218239644166128_n.jpg?stp=dst-jpg_s150x150_tt6&_nc_cat=106&ccb=7-5&_nc_sid=f7ccc5&efg=eyJ2ZW5jb2RlX3RhZyI6InByb2ZpbGVfcGljLnd3dy4xMDgwLkMzIn0%3D&_nc_ohc=UtKBRY1ZZf8Q7kNvwEqlacy&_nc_oc=AdphY8fi0TVZIQMFG1iMd2ea9pBN7ZAGVRGD73dAoPsknvNqU-3d97QC1B3Z40m3nWA&_nc_zt=24&_nc_ht=scontent.cdninstagram.com&_nc_gid=bTkX5W44O1eDS2e_xxG4Fw&_nc_ss=7a32e&oh=00_Afw6eX6Lz0mc_CMTj-EF73AITP6zBCoTR3hfdjGgHDSEpg&oe=69C72EEE,andhika_sw,andhika_sw,False,False,0,0,[]
3849855079470565498,https://www.instagram.com/p/DVtbswgk4h6/,17953602390089037,https://www.instagram.com/p/DVtbswgk4h6/c/17953602390089037/,"Jadi gini gaes, Shadam Hussein pernah bilang, lu kalau mau jadi negara superpower, kuasain minyak. Dan inilah yg dilakuin Trump bersama sohibnya si Netanyahu. Pertama, mereka kuasain Venezuela buat ambil pasokan minyaknya. Kedua, mereka panas panasin mau caplok Greenland buat nakutin Eropa, karena beberapa negara Eropa udah mulai ngelawan narasi Pro Zionis. Ketiga, mereka nargetin Iran, yg emang sejak lama jadi musuh bebuyutan (AS dan Israel) dan jadi pemasok minyak di Timur Tengah selain negara Arab. Keempat, agenda mereka mau bikin kelangkaan minyak dunia dgn penutupan selat Hormuz oleh Iran (yg tentu udah mereka prediksi), lalu bikin psyop ngeledakin kilang minyak Qatar dan Saudi seolah itu ulah Iran padahal kagak. Kelima, mereka serang kilang minyak Iran biar makin langka dah pasokan minyak, utamanya buat nekan Cina yg bergantung banget ke impor energi buat industri mereka. Ujungnya, banyak negara bakal lari ke pasokan minyak Amerika meski jauh dan mahal. No choice here. Indonesia jg udah bilang kan mau impor ke US. Inilah bisnis perang Trump dan Netanyahu itu.",1773162089,7207,372701508,ahda_g,Ahda,https://scontent.cdninstagram.com/v/t51.2885-19/457171941_1707121473394054_5397448511661347547_n.jpg?stp=dst-jpg_s150x150_tt6&_nc_cat=108&ccb=7-5&_nc_sid=f7ccc5&efg=eyJ2ZW5jb2RlX3RhZyI6InByb2ZpbGVfcGljLnd3dy45MDYuQzMifQ%3D%3D&_nc_ohc=sPMZMxFNurcQ7kNvwEnaBLz&_nc_oc=AdqUV4PXfyPDv6WJS1BvLna6XjSALIto9WHr00SoLAB_Xy-GbLkhTJdzO2xWxm2y0xg&_nc_zt=24&_nc_ht=scontent.cdninstagram.com&_nc_ss=7a32e&oh=00_AfyPZOyTQ809AxpSJo21-r95pHBOWJeMOiIMo-RYYK-Qzw&oe=69C71020,ahda_g,ahda_g,False,False,164,164,[]
3849855079470565498,https://www.instagram.com/p/DVtbswgk4h6/,18015926387661591,https://www.instagram.com/p/DVtbswgk4h6/c/18015926387661591/,"Tenang:
”Lelaki yang sangat saya suka, benar-benar tangguh, saya tidak mau melawannya, Presiden Prabowo Subianto dari Indonesia,”
— Donald Trump, Kamis (19/2/2026)",1773159216,1319,49104234013,habibsyadzily,Nasruddin Hoja,https://scontent.cdninstagram.com/v/t51.82787-19/640403649_18071569550634014_8308410525753966323_n.jpg?stp=dst-jpg_s150x150_tt6&_nc_cat=105&ccb=7-5&_nc_sid=f7ccc5&efg=eyJ2ZW5jb2RlX3RhZyI6InByb2ZpbGVfcGljLnd3dy4xMDc5LkMzIn0%3D&_nc_ohc=Ko0uofUilUIQ7kNvwH9pTAo&_nc_oc=Adr1XCTD0ml2DsJ_2hg9Qoy51D3ErnJKQwoHoXch_MdQJ9UGxhVDrdOWACcwvTvADnM&_nc_zt=24&_nc_ht=scontent.cdninstagram.com&_nc_gid=M9fNFz4nCSe4B6d5WET0-A&_nc_ss=7a32e&oh=00_AfytJ3OMRXYqsL8YwUdQFScEsSG288_hFp7Eu0pFJflYQQ&oe=69C716A8,habibsyadzily,habibsyadzily,False,False,71,71,[]
