postUrl,commentUrl,id,text,ownerUsername,ownerProfilePicUrl,timestamp,repliesCount,replies,likesCount,owner
https://www.instagram.com/p/DVtbswgk4h6/,https://www.instagram.com/p/DVtbswgk4h6/c/17953602390089037,17953602390089037,"Jadi gini gaes, Shadam Hussein pernah bilang, lu kalau mau jadi negara superpower, kuasain minyak. Dan inilah yg dilakuin Trump bersama sohibnya si Netanyahu. Pertama, mereka kuasain Venezuela buat ambil pasokan minyaknya. Kedua, mereka panas panasin mau caplok Greenland buat nakutin Eropa, karena beberapa negara Eropa udah mulai ngelawan narasi Pro Zionis. Ketiga, mereka nargetin Iran, yg emang sejak lama jadi musuh bebuyutan (AS dan Israel) dan jadi pemasok minyak di Timur Tengah selain negara Arab. Keempat, agenda mereka mau bikin kelangkaan minyak dunia dgn penutupan selat Hormuz oleh Iran (yg tentu udah mereka prediksi), lalu bikin psyop ngeledakin kilang minyak Qatar dan Saudi seolah itu ulah Iran padahal kagak. Kelima, mereka serang kilang minyak Iran biar makin langka dah pasokan minyak, utamanya buat nekan Cina yg bergantung banget ke impor energi buat industri mereka. Ujungnya, banyak negara bakal lari ke pasokan minyak Amerika meski jauh dan mahal. No choice here. Indonesia jg udah bilang kan mau impor ke US. Inilah bisnis perang Trump dan Netanyahu itu.",ahda_g,https://scontent-waw2-1.cdninstagram.com/v/t51.2885-19/457171941_1707121473394054_5397448511661347547_n.jpg?stp=dst-jpg_e0_s150x150_tt6&_nc_cat=108&ig_cache_key=GOXjPxuGlQIxnhAGANsSCQ-TludKbkULAAAB1501500j-ccb7-5&ccb=7-5&_nc_sid=669407&efg=eyJ2ZW5jb2RlX3RhZyI6InByb2ZpbGVfcGljLnd3dy45MDYuQzMifQ%3D%3D&_nc_ohc=sPMZMxFNurcQ7kNvwFlomd_&_nc_oc=AdoPeNERQBeemILC07T2h6EHVWhmdL4scr7RfGH2Tm0c34YB8QDTkkBJfLAKVEs2rsQ&_nc_ad=z-m&_nc_cid=0&_nc_zt=24&_nc_ht=scontent-waw2-1.cdninstagram.com&_nc_ss=7a338&oh=00_AfzxwJhAuhdIm4FIy1GXDr_0OAqq0UFy79WDyaY0MRRKPQ&oe=69C7B8E0,2026-03-10T17:01:29.000Z,165,[],7268,"{'fbid_v2': '17841400885245823', 'full_name': 'Ahda', 'id': '372701508', 'is_mentionable': True, 'is_private': True, 'is_verified': False, 'profile_pic_id': '3443879485210765620', 'profile_pic_url': 'https://scontent-waw2-1.cdninstagram.com/v/t51.2885-19/457171941_1707121473394054_5397448511661347547_n.jpg?stp=dst-jpg_e0_s150x150_tt6&_nc_cat=108&ig_cache_key=GOXjPxuGlQIxnhAGANsSCQ-TludKbkULAAAB1501500j-ccb7-5&ccb=7-5&_nc_sid=669407&efg=eyJ2ZW5jb2RlX3RhZyI6InByb2ZpbGVfcGljLnd3dy45MDYuQzMifQ%3D%3D&_nc_ohc=sPMZMxFNurcQ7kNvwFlomd_&_nc_oc=AdoPeNERQBeemILC07T2h6EHVWhmdL4scr7RfGH2Tm0c34YB8QDTkkBJfLAKVEs2rsQ&_nc_ad=z-m&_nc_cid=0&_nc_zt=24&_nc_ht=scontent-waw2-1.cdninstagram.com&_nc_ss=7a338&oh=00_AfzxwJhAuhdIm4FIy1GXDr_0OAqq0UFy79WDyaY0MRRKPQ&oe=69C7B8E0', 'username': 'ahda_g'}"
https://www.instagram.com/p/DVtbswgk4h6/,https://www.instagram.com/p/DVtbswgk4h6/c/18097035925986801,18097035925986801,semakin salut sama Iran 😂 dibukanya selat hormuz dengan catatan negara yg mau melintas hrs tutup embassynya us dan isriwil 😂,aruma_dante,https://scontent-waw2-2.cdninstagram.com/v/t51.82787-19/565031411_18179620858351293_343723068931527680_n.jpg?stp=dst-jpg_e0_s150x150_tt6&_nc_cat=105&ig_cache_key=GPOxrSG9zmnTRJZAAABUxWBPJsUEbmNDAQAB1501500j-ccb7-5&ccb=7-5&_nc_sid=669407&efg=eyJ2ZW5jb2RlX3RhZyI6InByb2ZpbGVfcGljLnd3dy43NDQuQzMifQ%3D%3D&_nc_ohc=XHzA6fdVghsQ7kNvwFiIejt&_nc_oc=AdoC1jT8-BhZBktWwND6ZhxxP22ITSd4_OiCyjZLBFYcTqqFfKcs4t3MQCWr0MhP8iM&_nc_ad=z-m&_nc_cid=0&_nc_zt=24&_nc_ht=scontent-waw2-2.cdninstagram.com&_nc_gid=HKgpg7yM43FfQ1BLN9_F1g&_nc_ss=7a338&oh=00_AfxBnVx8Ph4cIxoize0DY2L_5Y3vEqgG1Hd8Xw52wix69g&oe=69C7B57A,2026-03-10T16:06:40.000Z,19,[],4077,"{'fbid_v2': '17841410538779342', 'full_name': 'Schatz', 'id': '10474743292', 'is_mentionable': True, 'is_private': True, 'is_verified': False, 'profile_pic_id': '3743243598905860078', 'profile_pic_url': 'https://scontent-waw2-2.cdninstagram.com/v/t51.82787-19/565031411_18179620858351293_343723068931527680_n.jpg?stp=dst-jpg_e0_s150x150_tt6&_nc_cat=105&ig_cache_key=GPOxrSG9zmnTRJZAAABUxWBPJsUEbmNDAQAB1501500j-ccb7-5&ccb=7-5&_nc_sid=669407&efg=eyJ2ZW5jb2RlX3RhZyI6InByb2ZpbGVfcGljLnd3dy43NDQuQzMifQ%3D%3D&_nc_ohc=XHzA6fdVghsQ7kNvwFiIejt&_nc_oc=AdoC1jT8-BhZBktWwND6ZhxxP22ITSd4_OiCyjZLBFYcTqqFfKcs4t3MQCWr0MhP8iM&_nc_ad=z-m&_nc_cid=0&_nc_zt=24&_nc_ht=scontent-waw2-2.cdninstagram.com&_nc_gid=HKgpg7yM43FfQ1BLN9_F1g&_nc_ss=7a338&oh=00_AfxBnVx8Ph4cIxoize0DY2L_5Y3vEqgG1Hd8Xw52wix69g&oe=69C7B57A', 'username': 'aruma_dante'}"
https://www.instagram.com/p/DVtbswgk4h6/,https://www.instagram.com/p/DVtbswgk4h6/c/18015926387661591,18015926387661591,"Tenang:
”Lelaki yang sangat saya suka, benar-benar tangguh, saya tidak mau melawannya, Presiden Prabowo Subianto dari Indonesia,”
— Donald Trump, Kamis (19/2/2026)",habibsyadzily,https://scontent-waw2-2.cdninstagram.com/v/t51.82787-19/640403649_18071569550634014_8308410525753966323_n.jpg?stp=dst-jpg_e0_s150x150_tt6&_nc_cat=105&ig_cache_key=GMHIKyYebJkr-zNAAPN_rnNaZ01zbmNDAQAB1501500j-ccb7-5&ccb=7-5&_nc_sid=669407&efg=eyJ2ZW5jb2RlX3RhZyI6InByb2ZpbGVfcGljLnd3dy4xMDc5LkMzIn0%3D&_nc_ohc=Ko0uofUilUIQ7kNvwHqUjvZ&_nc_oc=Adrhuh_w1Cxt0t5ZuyaT3oHbUGN8BcgLLQq6aaEVd7Pkh_rB1uSGZbAaer94WUl2YEs&_nc_ad=z-m&_nc_cid=0&_nc_zt=24&_nc_ht=scontent-waw2-2.cdninstagram.com&_nc_gid=HKgpg7yM43FfQ1BLN9_F1g&_nc_ss=7a338&oh=00_AfwJlQ1npRTzonFlF1n1XHHmOwNaStqY5zNoS8tc6J6HaQ&oe=69C7BF68,2026-03-10T16:13:36.000Z,72,[],1333,"{'fbid_v2': '17841449020408029', 'full_name': 'Nasruddin Hoja', 'id': '49104234013', 'is_mentionable': True, 'is_private': False, 'is_verified': False, 'latest_reel_media': 1774288249, 'profile_pic_id': '3842309804690409986', 'profile_pic_url': 'https://scontent-waw2-2.cdninstagram.com/v/t51.82787-19/640403649_18071569550634014_8308410525753966323_n.jpg?stp=dst-jpg_e0_s150x150_tt6&_nc_cat=105&ig_cache_key=GMHIKyYebJkr-zNAAPN_rnNaZ01zbmNDAQAB1501500j-ccb7-5&ccb=7-5&_nc_sid=669407&efg=eyJ2ZW5jb2RlX3RhZyI6InByb2ZpbGVfcGljLnd3dy4xMDc5LkMzIn0%3D&_nc_ohc=Ko0uofUilUIQ7kNvwHqUjvZ&_nc_oc=Adrhuh_w1Cxt0t5ZuyaT3oHbUGN8BcgLLQq6aaEVd7Pkh_rB1uSGZbAaer94WUl2YEs&_nc_ad=z-m&_nc_cid=0&_nc_zt=24&_nc_ht=scontent-waw2-2.cdninstagram.com&_nc_gid=HKgpg7yM43FfQ1BLN9_F1g&_nc_ss=7a338&oh=00_AfwJlQ1npRTzonFlF1n1XHHmOwNaStqY5zNoS8tc6J6HaQ&oe=69C7BF68', 'username': 'habibsyadzily'}"
https://www.instagram.com/p/DVtbswgk4h6/,https://www.instagram.com/p/DVtbswgk4h6/c/18060250535340989,18060250535340989,Ud dr dulu paham klo pengusaha itu sbaiknya jgn jd pemimpin. Apalagi yg ud jelas2 pengusaha yg halalin sgala cara,inaschlei,https://scontent-waw2-1.cdninstagram.com/v/t51.2885-19/10597497_666836613411628_1487627228_a.jpg?stp=dst-jpg_e0_tt6&_nc_cat=108&ig_cache_key=GHm0oQAsM3f-e14CANxjq1gAAAAAYUULAAAB1501500j-ccb7-5&ccb=7-5&_nc_sid=669407&efg=eyJ2ZW5jb2RlX3RhZyI6InByb2ZpbGVfcGljLnd3dy4xNTAuQzMifQ%3D%3D&_nc_ohc=H7XVMu15-o0Q7kNvwHrHhqc&_nc_oc=Adr3dU5502Me2TsH-b9vt-uvHaAfTytmIxAPnoYPnZvZ7_9Fyg7h7WkG5kI5paIPArw&_nc_ad=z-m&_nc_cid=0&_nc_zt=24&_nc_ht=scontent-waw2-1.cdninstagram.com&_nc_ss=7a338&oh=00_AfwWsLI_fvnfdOJuKCW2q4nzkaE3XcVgjKY_PAcugpv5Ag&oe=69C7BA49,2026-03-10T16:04:37.000Z,18,[],1213,"{'fbid_v2': '17841400752453079', 'full_name': 'Ina Schlei', 'id': '1477081081', 'is_mentionable': True, 'is_private': True, 'is_verified': False, 'profile_pic_url': 'https://scontent-waw2-1.cdninstagram.com/v/t51.2885-19/10597497_666836613411628_1487627228_a.jpg?stp=dst-jpg_e0_tt6&_nc_cat=108&ig_cache_key=GHm0oQAsM3f-e14CANxjq1gAAAAAYUULAAAB1501500j-ccb7-5&ccb=7-5&_nc_sid=669407&efg=eyJ2ZW5jb2RlX3RhZyI6InByb2ZpbGVfcGljLnd3dy4xNTAuQzMifQ%3D%3D&_nc_ohc=H7XVMu15-o0Q7kNvwHrHhqc&_nc_oc=Adr3dU5502Me2TsH-b9vt-uvHaAfTytmIxAPnoYPnZvZ7_9Fyg7h7WkG5kI5paIPArw&_nc_ad=z-m&_nc_cid=0&_nc_zt=24&_nc_ht=scontent-waw2-1.cdninstagram.com&_nc_ss=7a338&oh=00_AfwWsLI_fvnfdOJuKCW2q4nzkaE3XcVgjKY_PAcugpv5Ag&oe=69C7BA49', 'username': 'inaschlei'}"
https://www.instagram.com/p/DVtbswgk4h6/,https://www.instagram.com/p/DVtbswgk4h6/c/17980995494973039,17980995494973039,"Menurutku, Efeknya juga lebih ke chaosnya stabilitas ekonomi Indonesia, bisajadi nanti akan ada penyusup untuk memulai kembali kejadian krisis 98 pasca penutupan selat hormuz",adammuhirsyad,https://scontent-waw2-2.cdninstagram.com/v/t51.82787-19/550782354_17927046432107885_7021556561502342108_n.jpg?stp=dst-jpg_e0_s150x150_tt6&_nc_cat=102&ig_cache_key=GJJF1CBtLXXCjbA-ANwLqap9lHFhbmNDAQAB1501500j-ccb7-5&ccb=7-5&_nc_sid=669407&efg=eyJ2ZW5jb2RlX3RhZyI6InByb2ZpbGVfcGljLnd3dy43MTEuQzMifQ%3D%3D&_nc_ohc=iYLMByKiwUoQ7kNvwHDedpR&_nc_oc=AdrriTXRb2lwBQ3xmU7JYqFfNa2NdnXGrM14Ltdvacf3o1JaIUmq2tAgOwo4sjZ8-mQ&_nc_ad=z-m&_nc_cid=0&_nc_zt=24&_nc_ht=scontent-waw2-2.cdninstagram.com&_nc_gid=HKgpg7yM43FfQ1BLN9_F1g&_nc_ss=7a338&oh=00_Afwor8JRbD714FIe-H220TMyXyU37mpqDnty-MWuOsYNLQ&oe=69C7ADFD,2026-03-10T17:18:45.000Z,6,[],36,"{'fbid_v2': '17841463236536427', 'full_name': 'Adam | Remote Worker👨🏻\u200d💻', 'id': '63251419884', 'is_mentionable': True, 'is_private': False, 'is_verified': False, 'latest_reel_media': 1774270743, 'profile_pic_id': '3724995687269046854', 'profile_pic_url': 'https://scontent-waw2-2.cdninstagram.com/v/t51.82787-19/550782354_17927046432107885_7021556561502342108_n.jpg?stp=dst-jpg_e0_s150x150_tt6&_nc_cat=102&ig_cache_key=GJJF1CBtLXXCjbA-ANwLqap9lHFhbmNDAQAB1501500j-ccb7-5&ccb=7-5&_nc_sid=669407&efg=eyJ2ZW5jb2RlX3RhZyI6InByb2ZpbGVfcGljLnd3dy43MTEuQzMifQ%3D%3D&_nc_ohc=iYLMByKiwUoQ7kNvwHDedpR&_nc_oc=AdrriTXRb2lwBQ3xmU7JYqFfNa2NdnXGrM14Ltdvacf3o1JaIUmq2tAgOwo4sjZ8-mQ&_nc_ad=z-m&_nc_cid=0&_nc_zt=24&_nc_ht=scontent-waw2-2.cdninstagram.com&_nc_gid=HKgpg7yM43FfQ1BLN9_F1g&_nc_ss=7a338&oh=00_Afwor8JRbD714FIe-H220TMyXyU37mpqDnty-MWuOsYNLQ&oe=69C7ADFD', 'username': 'adammuhirsyad'}"
https://www.instagram.com/p/DVtbswgk4h6/,https://www.instagram.com/p/DVtbswgk4h6/c/18134602687455674,18134602687455674,Kapan tayangnya bang 😭,dcmkfi,https://scontent-waw2-2.cdninstagram.com/v/t51.82787-19/591126003_18384446155199944_3612348091148497014_n.jpg?stp=dst-jpg_e0_s150x150_tt6&_nc_cat=103&ig_cache_key=GPPdOyPIFXlujlBBAHZw9ylzoyEybmNDAQAB1501500j-ccb7-5&ccb=7-5&_nc_sid=669407&efg=eyJ2ZW5jb2RlX3RhZyI6InByb2ZpbGVfcGljLnd3dy4xMDgwLkMzIn0%3D&_nc_ohc=kSMonOvvWQQQ7kNvwHu_DUt&_nc_oc=Ado0dKTOEa9A1OeCZPfQOBgNFcu_pDvhic3a0iPLYFyJIMeHKry1To3Pyxx3zkcCJaM&_nc_ad=z-m&_nc_cid=0&_nc_zt=24&_nc_ht=scontent-waw2-2.cdninstagram.com&_nc_gid=HKgpg7yM43FfQ1BLN9_F1g&_nc_ss=7a338&oh=00_AfwtnxBeijN6qZjkyRdMnWYADosLjcjMXm9UWP6i2l_OFw&oe=69C7CEA6,2026-03-10T16:29:14.000Z,1,[],28,"{'fbid_v2': '17841405998314591', 'full_name': 'Komunitas Detective Conan & Magic Kaito Fans Indonesia [DCMKFI]', 'id': '5956735943', 'is_mentionable': True, 'is_private': False, 'is_verified': False, 'latest_reel_media': 1774291022, 'profile_pic_id': '3784663880678167539', 'profile_pic_url': 'https://scontent-waw2-2.cdninstagram.com/v/t51.82787-19/591126003_18384446155199944_3612348091148497014_n.jpg?stp=dst-jpg_e0_s150x150_tt6&_nc_cat=103&ig_cache_key=GPPdOyPIFXlujlBBAHZw9ylzoyEybmNDAQAB1501500j-ccb7-5&ccb=7-5&_nc_sid=669407&efg=eyJ2ZW5jb2RlX3RhZyI6InByb2ZpbGVfcGljLnd3dy4xMDgwLkMzIn0%3D&_nc_ohc=kSMonOvvWQQQ7kNvwHu_DUt&_nc_oc=Ado0dKTOEa9A1OeCZPfQOBgNFcu_pDvhic3a0iPLYFyJIMeHKry1To3Pyxx3zkcCJaM&_nc_ad=z-m&_nc_cid=0&_nc_zt=24&_nc_ht=scontent-waw2-2.cdninstagram.com&_nc_gid=HKgpg7yM43FfQ1BLN9_F1g&_nc_ss=7a338&oh=00_AfwtnxBeijN6qZjkyRdMnWYADosLjcjMXm9UWP6i2l_OFw&oe=69C7CEA6', 'username': 'dcmkfi'}"
https://www.instagram.com/p/DVtbswgk4h6/,https://www.instagram.com/p/DVtbswgk4h6/c/17856004533587779,17856004533587779,"WOWO “SAWIT” 🌴🥰

Meanwhile TRUMP “MINYAK” 😍😍",faefpc_,https://scontent-waw2-2.cdninstagram.com/v/t51.82787-19/582944209_18321202888171671_8353690872328486160_n.jpg?stp=dst-jpg_e0_s150x150_tt6&_nc_cat=102&ig_cache_key=GNEFvyKX4AF2CRdBABD9j7CWRe5zbmNDAQAB1501500j-ccb7-5&ccb=7-5&_nc_sid=669407&efg=eyJ2ZW5jb2RlX3RhZyI6InByb2ZpbGVfcGljLnd3dy4zOTcuQzMifQ%3D%3D&_nc_ohc=Nux-O3Ni4YMQ7kNvwGmLBGb&_nc_oc=AdqBn9JS6XjVCs2ZGAjSaCv4d4BArlgqlEIiN-GorFOQq3J5mtfcZ_Rio7NBo6MOiGA&_nc_ad=z-m&_nc_cid=0&_nc_zt=24&_nc_ht=scontent-waw2-2.cdninstagram.com&_nc_gid=HKgpg7yM43FfQ1BLN9_F1g&_nc_ss=7a338&oh=00_AfwzUq19d8Nu2tkFq5E3kXJTio7VlSopC_NOJ_w8NjoDzg&oe=69C7D532,2026-03-11T15:48:34.000Z,3,[],35,"{'fbid_v2': '17841405150107515', 'full_name': 'Fanny Candra✨', 'id': '5100123670', 'is_mentionable': True, 'is_private': True, 'is_verified': False, 'profile_pic_id': '3765893674141185826', 'profile_pic_url': 'https://scontent-waw2-2.cdninstagram.com/v/t51.82787-19/582944209_18321202888171671_8353690872328486160_n.jpg?stp=dst-jpg_e0_s150x150_tt6&_nc_cat=102&ig_cache_key=GNEFvyKX4AF2CRdBABD9j7CWRe5zbmNDAQAB1501500j-ccb7-5&ccb=7-5&_nc_sid=669407&efg=eyJ2ZW5jb2RlX3RhZyI6InByb2ZpbGVfcGljLnd3dy4zOTcuQzMifQ%3D%3D&_nc_ohc=Nux-O3Ni4YMQ7kNvwGmLBGb&_nc_oc=AdqBn9JS6XjVCs2ZGAjSaCv4d4BArlgqlEIiN-GorFOQq3J5mtfcZ_Rio7NBo6MOiGA&_nc_ad=z-m&_nc_cid=0&_nc_zt=24&_nc_ht=scontent-waw2-2.cdninstagram.com&_nc_gid=HKgpg7yM43FfQ1BLN9_F1g&_nc_ss=7a338&oh=00_AfwzUq19d8Nu2tkFq5E3kXJTio7VlSopC_NOJ_w8NjoDzg&oe=69C7D532', 'username': 'faefpc_'}"
https://www.instagram.com/p/DVtbswgk4h6/,https://www.instagram.com/p/DVtbswgk4h6/c/18117760999553171,18117760999553171,"Ini ada kaitannya gak sih sama pemerintah mulai gencar nyawit sama tebu, singkong buat bikin biodiesel dan bioetanol buat menekan subsidi dan ketergantungan impor? Anehnya kenapa program ini gak jalan-jalan? Apa beneran ada ya antek² asing di indo jadi kita ini dibuat ketergantungan terus impor BBM? 🙃. Bahas dong bang peran antek² ini biar indonesia terus ketergantungan impor. Masa iya negara seluas ini impor BBM dari negara sekecil Singapore🙃",rajich20,https://scontent-waw2-2.cdninstagram.com/v/t51.2885-19/476310949_1164262771925506_3874885317528195900_n.jpg?stp=dst-jpg_e0_s150x150_tt6&_nc_cat=102&ig_cache_key=GKXtYxwCIvIM5CIEADwTpZCqW8Y1bkULAAAB1501500j-ccb7-5&ccb=7-5&_nc_sid=669407&efg=eyJ2ZW5jb2RlX3RhZyI6InByb2ZpbGVfcGljLnd3dy4xMDgwLkMzIn0%3D&_nc_ohc=zMldFf-emAUQ7kNvwHI6Nmi&_nc_oc=Ador62LcOgUkeTTGYThwEI2vqKBnKl34ewXgaoNrL-WQ6j7fVQ6eQfl28eT579OK34I&_nc_ad=z-m&_nc_cid=0&_nc_zt=24&_nc_ht=scontent-waw2-2.cdninstagram.com&_nc_ss=7a338&oh=00_AfzpSozNorfBNWvFy0RbL82ljM029d5Ki457jaK9rQP_dg&oe=69C7CAD3,2026-03-10T22:09:21.000Z,4,[],62,"{'fbid_v2': '17841465122220989', 'full_name': 'Rajich', 'id': '65207914740', 'is_mentionable': True, 'is_private': True, 'is_verified': False, 'profile_pic_id': '3563547069463226980', 'profile_pic_url': 'https://scontent-waw2-2.cdninstagram.com/v/t51.2885-19/476310949_1164262771925506_3874885317528195900_n.jpg?stp=dst-jpg_e0_s150x150_tt6&_nc_cat=102&ig_cache_key=GKXtYxwCIvIM5CIEADwTpZCqW8Y1bkULAAAB1501500j-ccb7-5&ccb=7-5&_nc_sid=669407&efg=eyJ2ZW5jb2RlX3RhZyI6InByb2ZpbGVfcGljLnd3dy4xMDgwLkMzIn0%3D&_nc_ohc=zMldFf-emAUQ7kNvwHI6Nmi&_nc_oc=Ador62LcOgUkeTTGYThwEI2vqKBnKl34ewXgaoNrL-WQ6j7fVQ6eQfl28eT579OK34I&_nc_ad=z-m&_nc_cid=0&_nc_zt=24&_nc_ht=scontent-waw2-2.cdninstagram.com&_nc_ss=7a338&oh=00_AfzpSozNorfBNWvFy0RbL82ljM029d5Ki457jaK9rQP_dg&oe=69C7CAD3', 'username': 'rajich20'}"
https://www.instagram.com/p/DVtbswgk4h6/,https://www.instagram.com/p/DVtbswgk4h6/c/18122922451507420,18122922451507420,"Pd intinya ini amerika ga mau china berkembang, mereka udh takut karena china udah mulai menjadi negara maju pesat, ditambah kerjasama dgn russia dan negara2 lain utk tidak pakai dollar, dr pd telat mending dia coba bikin chaos skrg, feeling gw amerika kaya mau narik dunia ke medan perang. Tp ga tau lah cuma feeling aja. Impactnya keseluruh dunia apa yg dlakukan amerika.",upikkkk90,https://scontent-waw2-2.cdninstagram.com/v/t51.82787-19/632326402_18566562883027868_5737437708179131941_n.jpg?stp=dst-jpg_e0_s150x150_tt6&_nc_cat=102&ig_cache_key=GAKJsCWcw1fJMPZBACXO8oQyeZ9PbmNDAQAB1501500j-ccb7-5&ccb=7-5&_nc_sid=669407&efg=eyJ2ZW5jb2RlX3RhZyI6InByb2ZpbGVfcGljLnd3dy4xMDgwLkMzIn0%3D&_nc_ohc=xN9s9P0TGxgQ7kNvwECxCde&_nc_oc=Adoj1rvCt9PE4vz-NW6u1FhzfauygN0yJhTRe-HS9Dp2mNY1m2MAbtyMQZBR7dNd_88&_nc_ad=z-m&_nc_cid=0&_nc_zt=24&_nc_ht=scontent-waw2-2.cdninstagram.com&_nc_gid=HKgpg7yM43FfQ1BLN9_F1g&_nc_ss=7a338&oh=00_AfxR7THwurtvV94I7wsGgtVcAplgqEMc5UycmMMzooHaCQ&oe=69C7B67D,2026-03-10T20:09:01.000Z,6,[],181,"{'fbid_v2': '17841400836031405', 'full_name': 'muhamad luthfi', 'id': '1369947867', 'is_mentionable': True, 'is_private': False, 'is_verified': False, 'latest_reel_media': 0, 'profile_pic_id': '3834546163790616166', 'profile_pic_url': 'https://scontent-waw2-2.cdninstagram.com/v/t51.82787-19/632326402_18566562883027868_5737437708179131941_n.jpg?stp=dst-jpg_e0_s150x150_tt6&_nc_cat=102&ig_cache_key=GAKJsCWcw1fJMPZBACXO8oQyeZ9PbmNDAQAB1501500j-ccb7-5&ccb=7-5&_nc_sid=669407&efg=eyJ2ZW5jb2RlX3RhZyI6InByb2ZpbGVfcGljLnd3dy4xMDgwLkMzIn0%3D&_nc_ohc=xN9s9P0TGxgQ7kNvwECxCde&_nc_oc=Adoj1rvCt9PE4vz-NW6u1FhzfauygN0yJhTRe-HS9Dp2mNY1m2MAbtyMQZBR7dNd_88&_nc_ad=z-m&_nc_cid=0&_nc_zt=24&_nc_ht=scontent-waw2-2.cdninstagram.com&_nc_gid=HKgpg7yM43FfQ1BLN9_F1g&_nc_ss=7a338&oh=00_AfxR7THwurtvV94I7wsGgtVcAplgqEMc5UycmMMzooHaCQ&oe=69C7B67D', 'username': 'upikkkk90'}"
https://www.instagram.com/p/DVtbswgk4h6/,https://www.instagram.com/p/DVtbswgk4h6/c/18108719833746630,18108719833746630,Akankah teori Bu Neneng Rosdiana akan disebut di docuvlog kali ini? Menarik.,alvifachri,https://scontent-waw2-1.cdninstagram.com/v/t51.82787-19/527568461_18377365390130025_4303800865874041620_n.jpg?stp=dst-jpg_e0_s150x150_tt6&_nc_cat=108&ig_cache_key=GE0Och9pe-zPHUpBABTbcMIVLLo7bmNDAQAB1501500j-ccb7-5&ccb=7-5&_nc_sid=669407&efg=eyJ2ZW5jb2RlX3RhZyI6InByb2ZpbGVfcGljLnd3dy4xMDgwLkMzIn0%3D&_nc_ohc=Jf8rP84OwswQ7kNvwG_qQ1N&_nc_oc=Adq7tHNr2dH9_hOZ8fAmFKdQ1kPLBu85UwswSx7ZJVWzmRVgi7DkbGuJmkGqxpp7xHE&_nc_ad=z-m&_nc_cid=0&_nc_zt=24&_nc_ht=scontent-waw2-1.cdninstagram.com&_nc_gid=HKgpg7yM43FfQ1BLN9_F1g&_nc_ss=7a338&oh=00_Afza4qLKtd-kj0p85FTmhgFvBmBjzj0txZrCCdnRz0o46w&oe=69C7DC3E,2026-03-10T16:39:05.000Z,4,[],50,"{'fbid_v2': '17841403900738316', 'full_name': 'Alvi Fachri', 'id': '3986530024', 'is_mentionable': True, 'is_private': False, 'is_verified': False, 'latest_reel_media': 0, 'profile_pic_id': '3691641161941654928', 'profile_pic_url': 'https://scontent-waw2-1.cdninstagram.com/v/t51.82787-19/527568461_18377365390130025_4303800865874041620_n.jpg?stp=dst-jpg_e0_s150x150_tt6&_nc_cat=108&ig_cache_key=GE0Och9pe-zPHUpBABTbcMIVLLo7bmNDAQAB1501500j-ccb7-5&ccb=7-5&_nc_sid=669407&efg=eyJ2ZW5jb2RlX3RhZyI6InByb2ZpbGVfcGljLnd3dy4xMDgwLkMzIn0%3D&_nc_ohc=Jf8rP84OwswQ7kNvwG_qQ1N&_nc_oc=Adq7tHNr2dH9_hOZ8fAmFKdQ1kPLBu85UwswSx7ZJVWzmRVgi7DkbGuJmkGqxpp7xHE&_nc_ad=z-m&_nc_cid=0&_nc_zt=24&_nc_ht=scontent-waw2-1.cdninstagram.com&_nc_gid=HKgpg7yM43FfQ1BLN9_F1g&_nc_ss=7a338&oh=00_Afza4qLKtd-kj0p85FTmhgFvBmBjzj0txZrCCdnRz0o46w&oe=69C7DC3E', 'username': 'alvifachri'}"
https://www.instagram.com/p/DVtbswgk4h6/,https://www.instagram.com/p/DVtbswgk4h6/c/18086315744338871,18086315744338871,Benci bgt krn demi itu nyawa2 tak bersalah pd melayang.,_nelaaaaaaaaa_,https://scontent-waw2-2.cdninstagram.com/v/t51.82787-19/627967240_18562148899055046_1109215937031289148_n.jpg?stp=dst-jpg_e0_s150x150_tt6&_nc_cat=106&ig_cache_key=GAgFbiXGZWUTLfJBADy585EEumQPbmNDAQAB1501500j-ccb7-5&ccb=7-5&_nc_sid=669407&efg=eyJ2ZW5jb2RlX3RhZyI6InByb2ZpbGVfcGljLnd3dy4xMDgwLkMzIn0%3D&_nc_ohc=V-kGPLTgcVkQ7kNvwHdOKvr&_nc_oc=AdrrsnILVg0hfxcvUUdTvodySn8pqtZLNFMxhY-XEjtHujAWbjN0a_scDqzTnA5-7X4&_nc_ad=z-m&_nc_cid=0&_nc_zt=24&_nc_ht=scontent-waw2-2.cdninstagram.com&_nc_gid=HKgpg7yM43FfQ1BLN9_F1g&_nc_ss=7a338&oh=00_AfzBRWTe8BPxitjMWBxdVlWdTX8zFEBLO7OO-Fncjr6-NQ&oe=69C7C9FA,2026-03-10T16:57:42.000Z,2,[],235,"{'fbid_v2': '17841401651364488', 'full_name': 'Ulyanela', 'id': '927287045', 'is_mentionable': True, 'is_private': True, 'is_verified': False, 'profile_pic_id': '3825594616826205039', 'profile_pic_url': 'https://scontent-waw2-2.cdninstagram.com/v/t51.82787-19/627967240_18562148899055046_1109215937031289148_n.jpg?stp=dst-jpg_e0_s150x150_tt6&_nc_cat=106&ig_cache_key=GAgFbiXGZWUTLfJBADy585EEumQPbmNDAQAB1501500j-ccb7-5&ccb=7-5&_nc_sid=669407&efg=eyJ2ZW5jb2RlX3RhZyI6InByb2ZpbGVfcGljLnd3dy4xMDgwLkMzIn0%3D&_nc_ohc=V-kGPLTgcVkQ7kNvwHdOKvr&_nc_oc=AdrrsnILVg0hfxcvUUdTvodySn8pqtZLNFMxhY-XEjtHujAWbjN0a_scDqzTnA5-7X4&_nc_ad=z-m&_nc_cid=0&_nc_zt=24&_nc_ht=scontent-waw2-2.cdninstagram.com&_nc_gid=HKgpg7yM43FfQ1BLN9_F1g&_nc_ss=7a338&oh=00_AfzBRWTe8BPxitjMWBxdVlWdTX8zFEBLO7OO-Fncjr6-NQ&oe=69C7C9FA', 'username': '_nelaaaaaaaaa_'}"
https://www.instagram.com/p/DVtbswgk4h6/,https://www.instagram.com/p/DVtbswgk4h6/c/18010205675687002,18010205675687002,Beliau mencari gain dengan cara perang 🗿,dikiyudas,https://scontent-waw2-1.cdninstagram.com/v/t51.75761-19/502711136_18511323067063901_8201047246811942248_n.jpg?stp=dst-jpg_e0_s150x150_tt6&_nc_cat=111&ig_cache_key=GGDD9h1dHrxD88NBAGjNaxwF_c9xbvEnAQAB1501500j-ccb7-5&ccb=7-5&_nc_sid=669407&efg=eyJ2ZW5jb2RlX3RhZyI6InByb2ZpbGVfcGljLnd3dy4xMDgwLkMzIn0%3D&_nc_ohc=Um-zSWCQcEcQ7kNvwHRTpHz&_nc_oc=AdrZLwBo-0kMkd_1qj8g3rDGdE6GDiS0VW58sCXG13LJRK2Y21nJ2h939hKkXPjvSGc&_nc_ad=z-m&_nc_cid=0&_nc_zt=24&_nc_ht=scontent-waw2-1.cdninstagram.com&_nc_gid=HKgpg7yM43FfQ1BLN9_F1g&_nc_ss=7a338&oh=00_AfwAtKKJ1w-IfBSR16_ni-lM8Zswq30TZW95xJYurWfrUg&oe=69C7CDDB,2026-03-10T16:04:20.000Z,6,[],387,"{'fbid_v2': '17841401917024233', 'full_name': 'ديكي يد ستريا', 'id': '1550975900', 'is_mentionable': True, 'is_private': False, 'is_verified': False, 'latest_reel_media': 0, 'profile_pic_id': '3645046870541611268', 'profile_pic_url': 'https://scontent-waw2-1.cdninstagram.com/v/t51.75761-19/502711136_18511323067063901_8201047246811942248_n.jpg?stp=dst-jpg_e0_s150x150_tt6&_nc_cat=111&ig_cache_key=GGDD9h1dHrxD88NBAGjNaxwF_c9xbvEnAQAB1501500j-ccb7-5&ccb=7-5&_nc_sid=669407&efg=eyJ2ZW5jb2RlX3RhZyI6InByb2ZpbGVfcGljLnd3dy4xMDgwLkMzIn0%3D&_nc_ohc=Um-zSWCQcEcQ7kNvwHRTpHz&_nc_oc=AdrZLwBo-0kMkd_1qj8g3rDGdE6GDiS0VW58sCXG13LJRK2Y21nJ2h939hKkXPjvSGc&_nc_ad=z-m&_nc_cid=0&_nc_zt=24&_nc_ht=scontent-waw2-1.cdninstagram.com&_nc_gid=HKgpg7yM43FfQ1BLN9_F1g&_nc_ss=7a338&oh=00_AfwAtKKJ1w-IfBSR16_ni-lM8Zswq30TZW95xJYurWfrUg&oe=69C7CDDB', 'username': 'dikiyudas'}"
https://www.instagram.com/p/DVtbswgk4h6/,https://www.instagram.com/p/DVtbswgk4h6/c/18086154506250480,18086154506250480,"Habis ini medianya digoreng buat nyalahin iran atas naiknya LNG .. rakyat jelata “dibikin” pada ngamuk karena harga bbm naik.. pemerentah mau gamau ngucurin subsidi++ buat “stabilisasi”.. well, some countries might not be able to survive from this..",silvesteraldo17,https://scontent-waw2-2.cdninstagram.com/v/t51.2885-19/316257130_1300291294082318_5003449728772015882_n.jpg?stp=dst-jpg_e0_s150x150_tt6&_nc_cat=105&ig_cache_key=GGqz2RIONbCom54EAAoH_9YE029FbkULAAAB1501500j-ccb7-5&ccb=7-5&_nc_sid=669407&efg=eyJ2ZW5jb2RlX3RhZyI6InByb2ZpbGVfcGljLnd3dy4xMDgwLkMzIn0%3D&_nc_ohc=O63uIS0u_7IQ7kNvwFDLNc0&_nc_oc=AdopmJOiExGTlrXtfGV0L8GWRefuU6Mc3rJw6wXUCRND1asjpTuEEC8imDNBzwP51L4&_nc_ad=z-m&_nc_cid=0&_nc_zt=24&_nc_ht=scontent-waw2-2.cdninstagram.com&_nc_ss=7a338&oh=00_AfztLNOgS_TktDlV3kEoYUcRVOxy4KNxQEOYbrQgykUbIA&oe=69C7C234,2026-03-10T16:20:05.000Z,2,[],134,"{'fbid_v2': '17841401729118049', 'full_name': 'Silvester Aldo Lie', 'id': '515193637', 'is_mentionable': True, 'is_private': True, 'is_verified': False, 'profile_pic_id': '2977110725731584524', 'profile_pic_url': 'https://scontent-waw2-2.cdninstagram.com/v/t51.2885-19/316257130_1300291294082318_5003449728772015882_n.jpg?stp=dst-jpg_e0_s150x150_tt6&_nc_cat=105&ig_cache_key=GGqz2RIONbCom54EAAoH_9YE029FbkULAAAB1501500j-ccb7-5&ccb=7-5&_nc_sid=669407&efg=eyJ2ZW5jb2RlX3RhZyI6InByb2ZpbGVfcGljLnd3dy4xMDgwLkMzIn0%3D&_nc_ohc=O63uIS0u_7IQ7kNvwFDLNc0&_nc_oc=AdopmJOiExGTlrXtfGV0L8GWRefuU6Mc3rJw6wXUCRND1asjpTuEEC8imDNBzwP51L4&_nc_ad=z-m&_nc_cid=0&_nc_zt=24&_nc_ht=scontent-waw2-2.cdninstagram.com&_nc_ss=7a338&oh=00_AfztLNOgS_TktDlV3kEoYUcRVOxy4KNxQEOYbrQgykUbIA&oe=69C7C234', 'username': 'silvesteraldo17'}"
https://www.instagram.com/p/DVtbswgk4h6/,https://www.instagram.com/p/DVtbswgk4h6/c/17963506820906070,17963506820906070,"Nyebelin sih emang si Trump ini... jahat dan super tega... cuma klo dari sudut pandang yg beda 180° , maka dia emang mastermind kebijakan disertai kemampuan eksekusi dan kalkulasi pebisnis jago. Gilaaa.. !! Ga ada Presiden USA lain yg sehebat dia emang. He just wants to make USA great again meski dengan korbanin banyak negara lain",anggiarga,https://scontent-waw2-2.cdninstagram.com/v/t51.2885-19/13151361_1529015657405910_800094317_a.jpg?stp=dst-jpg_e0_s150x150_tt6&_nc_cat=101&ig_cache_key=GIGsyADWnR2zoW4FAG14sC8AAAAAYUULAAAB1501500j-ccb7-5&ccb=7-5&_nc_sid=669407&efg=eyJ2ZW5jb2RlX3RhZyI6InByb2ZpbGVfcGljLnd3dy42ODMuQzMifQ%3D%3D&_nc_ohc=CBgJdudx98kQ7kNvwGRbLQg&_nc_oc=Adrxw4cgkz3_kEaSXUwauDW7Lgj3WE9PNxq5NaDbhLhNVkFHJVlVoZQQzIvMY0DwgA8&_nc_ad=z-m&_nc_cid=0&_nc_zt=24&_nc_ht=scontent-waw2-2.cdninstagram.com&_nc_ss=7a338&oh=00_AfwgHMQO68D5eGln7u7iJSGXqdfZeYtqESr5IbEf7Bvh-g&oe=69C7BDA4,2026-03-15T09:28:17.000Z,1,[],7,"{'fbid_v2': '17841403327788226', 'full_name': 'Sebastianus Anggi Arga', 'id': '3185814926', 'is_mentionable': True, 'is_private': False, 'is_verified': False, 'latest_reel_media': 0, 'profile_pic_id': '1241780994588868517', 'profile_pic_url': 'https://scontent-waw2-2.cdninstagram.com/v/t51.2885-19/13151361_1529015657405910_800094317_a.jpg?stp=dst-jpg_e0_s150x150_tt6&_nc_cat=101&ig_cache_key=GIGsyADWnR2zoW4FAG14sC8AAAAAYUULAAAB1501500j-ccb7-5&ccb=7-5&_nc_sid=669407&efg=eyJ2ZW5jb2RlX3RhZyI6InByb2ZpbGVfcGljLnd3dy42ODMuQzMifQ%3D%3D&_nc_ohc=CBgJdudx98kQ7kNvwGRbLQg&_nc_oc=Adrxw4cgkz3_kEaSXUwauDW7Lgj3WE9PNxq5NaDbhLhNVkFHJVlVoZQQzIvMY0DwgA8&_nc_ad=z-m&_nc_cid=0&_nc_zt=24&_nc_ht=scontent-waw2-2.cdninstagram.com&_nc_ss=7a338&oh=00_AfwgHMQO68D5eGln7u7iJSGXqdfZeYtqESr5IbEf7Bvh-g&oe=69C7BDA4', 'username': 'anggiarga'}"
https://www.instagram.com/p/DVtbswgk4h6/,https://www.instagram.com/p/DVtbswgk4h6/c/17844220779695549,17844220779695549,"Walaupun anda benci Trump, tapi Prabowo masih tetap jadi bestie nya dan masih tetap gak enakan keluar dari BOP 😂",eko_mulyodarmono,https://scontent-waw2-2.cdninstagram.com/v/t51.2885-19/11875428_1608422199407601_127031652_a.jpg?stp=dst-jpg_e0_tt6&_nc_cat=105&ig_cache_key=GGQ0tQDxM9j52bYFAGRZkgcAAAAAYUULAAAB1501500j-ccb7-5&ccb=7-5&_nc_sid=669407&efg=eyJ2ZW5jb2RlX3RhZyI6InByb2ZpbGVfcGljLnd3dy4xNTAuQzMifQ%3D%3D&_nc_ohc=r6--n8pIjWYQ7kNvwFOT4Nc&_nc_oc=AdoJGNXb92GUWT4fps9-RDWJbgSHlkHuLryEDPbQNsTEjt3PXeOkSx_lNuG3ySZbWZU&_nc_ad=z-m&_nc_cid=0&_nc_zt=24&_nc_ht=scontent-waw2-2.cdninstagram.com&_nc_ss=7a338&oh=00_AfxWOkk5Zmptk5xY81NaV4eIQ_mv0FTwrJWitWiTH-j1OQ&oe=69C7D514,2026-03-11T01:47:28.000Z,1,[],63,"{'fbid_v2': '17841401181589585', 'full_name': 'its all about me, my self, & i', 'id': '613479386', 'is_mentionable': True, 'is_private': False, 'is_verified': False, 'latest_reel_media': 0, 'profile_pic_url': 'https://scontent-waw2-2.cdninstagram.com/v/t51.2885-19/11875428_1608422199407601_127031652_a.jpg?stp=dst-jpg_e0_tt6&_nc_cat=105&ig_cache_key=GGQ0tQDxM9j52bYFAGRZkgcAAAAAYUULAAAB1501500j-ccb7-5&ccb=7-5&_nc_sid=669407&efg=eyJ2ZW5jb2RlX3RhZyI6InByb2ZpbGVfcGljLnd3dy4xNTAuQzMifQ%3D%3D&_nc_ohc=r6--n8pIjWYQ7kNvwFOT4Nc&_nc_oc=AdoJGNXb92GUWT4fps9-RDWJbgSHlkHuLryEDPbQNsTEjt3PXeOkSx_lNuG3ySZbWZU&_nc_ad=z-m&_nc_cid=0&_nc_zt=24&_nc_ht=scontent-waw2-2.cdninstagram.com&_nc_ss=7a338&oh=00_AfxWOkk5Zmptk5xY81NaV4eIQ_mv0FTwrJWitWiTH-j1OQ&oe=69C7D514', 'username': 'eko_mulyodarmono'}"
https://www.instagram.com/p/DVscrIakZKd/,https://www.instagram.com/p/DVscrIakZKd/c/18381548155080639,18381548155080639,"MBG, Koperasi Merah Putih dan gentengisasi hanya menambah beban fiskal, uangnya ga berputar di kelompok bawah. Yang menikmati hanya kalangan tertentu, dan mereka lebih banyak saving money sehingga roda ekonomi ga jalan.",jhonsitorus8,https://scontent-dfw5-1.cdninstagram.com/v/t51.82787-19/542242036_18522961279003772_6415970671066944269_n.jpg?stp=dst-jpg_e0_s150x150_tt6&_nc_cat=109&ig_cache_key=GPT0USB8LDn-iM5BAA0TRQJVGwpZbmNDAQAB1501500j-ccb7-5&ccb=7-5&_nc_sid=669407&efg=eyJ2ZW5jb2RlX3RhZyI6InByb2ZpbGVfcGljLnd3dy4xMDgwLkMzIn0%3D&_nc_ohc=6QOq3WfxgaoQ7kNvwEAkKvh&_nc_oc=Adpof8FTlyaP8_Z_PakYyB1Jj9YIXAaLkkWVh66nA1JpEV-ZmTra4tukkSYRv5jh5Kk&_nc_ad=z-m&_nc_cid=0&_nc_zt=24&_nc_ht=scontent-dfw5-1.cdninstagram.com&_nc_gid=LruHV164y--0I6QbkE85Bg&_nc_ss=7a338&oh=00_Afwl2yOSqqj89bEtFcSQxqxl9x_e2Hj4DgsJRCwldJHSuQ&oe=69C7D09D,2026-03-10T07:18:46.000Z,78,[],4917,"{'fbid_v2': '17841400113153936', 'full_name': 'Jhon Sitorus', 'id': '1531907771', 'is_mentionable': True, 'is_private': False, 'is_verified': False, 'latest_reel_media': 0, 'profile_pic_id': '3712758149200981946', 'profile_pic_url': 'https://scontent-dfw5-1.cdninstagram.com/v/t51.82787-19/542242036_18522961279003772_6415970671066944269_n.jpg?stp=dst-jpg_e0_s150x150_tt6&_nc_cat=109&ig_cache_key=GPT0USB8LDn-iM5BAA0TRQJVGwpZbmNDAQAB1501500j-ccb7-5&ccb=7-5&_nc_sid=669407&efg=eyJ2ZW5jb2RlX3RhZyI6InByb2ZpbGVfcGljLnd3dy4xMDgwLkMzIn0%3D&_nc_ohc=6QOq3WfxgaoQ7kNvwEAkKvh&_nc_oc=Adpof8FTlyaP8_Z_PakYyB1Jj9YIXAaLkkWVh66nA1JpEV-ZmTra4tukkSYRv5jh5Kk&_nc_ad=z-m&_nc_cid=0&_nc_zt=24&_nc_ht=scontent-dfw5-1.cdninstagram.com&_nc_gid=LruHV164y--0I6QbkE85Bg&_nc_ss=7a338&oh=00_Afwl2yOSqqj89bEtFcSQxqxl9x_e2Hj4DgsJRCwldJHSuQ&oe=69C7D09D', 'username': 'jhonsitorus8'}"
https://www.instagram.com/p/DVscrIakZKd/,https://www.instagram.com/p/DVscrIakZKd/c/18104166064861405,18104166064861405,Capek bngt liat MBG,huantuu_,https://scontent-dfw5-1.cdninstagram.com/v/t51.82787-19/534434163_18520684135033435_8139887657804621821_n.jpg?stp=dst-jpg_e0_s150x150_tt6&_nc_cat=110&ig_cache_key=GHPR2h9bqt3OdsxBAP3nB6OysPZwbmNDAQAB1501500j-ccb7-5&ccb=7-5&_nc_sid=669407&efg=eyJ2ZW5jb2RlX3RhZyI6InByb2ZpbGVfcGljLnd3dy4xMDgwLkMzIn0%3D&_nc_ohc=tmAAX2hIGZIQ7kNvwEhz9g5&_nc_oc=AdoV9oj6_mLq5V4WSo9mEmGYXSZPEZTLlJSmylrIsLqYvE4TfufaikOQNnGugSD9818&_nc_ad=z-m&_nc_cid=0&_nc_zt=24&_nc_ht=scontent-dfw5-1.cdninstagram.com&_nc_gid=LruHV164y--0I6QbkE85Bg&_nc_ss=7a338&oh=00_AfzIcBYB1R733iu3bwv9paxxCAy2d3aaUtcdJEb2fiOqVA&oe=69C7E572,2026-03-10T06:54:56.000Z,30,[],2915,"{'fbid_v2': '17841401003043276', 'full_name': 'Hanntuu', 'id': '1489697434', 'is_mentionable': True, 'is_private': True, 'is_verified': False, 'profile_pic_id': '3699988518283382269', 'profile_pic_url': 'https://scontent-dfw5-1.cdninstagram.com/v/t51.82787-19/534434163_18520684135033435_8139887657804621821_n.jpg?stp=dst-jpg_e0_s150x150_tt6&_nc_cat=110&ig_cache_key=GHPR2h9bqt3OdsxBAP3nB6OysPZwbmNDAQAB1501500j-ccb7-5&ccb=7-5&_nc_sid=669407&efg=eyJ2ZW5jb2RlX3RhZyI6InByb2ZpbGVfcGljLnd3dy4xMDgwLkMzIn0%3D&_nc_ohc=tmAAX2hIGZIQ7kNvwEhz9g5&_nc_oc=AdoV9oj6_mLq5V4WSo9mEmGYXSZPEZTLlJSmylrIsLqYvE4TfufaikOQNnGugSD9818&_nc_ad=z-m&_nc_cid=0&_nc_zt=24&_nc_ht=scontent-dfw5-1.cdninstagram.com&_nc_gid=LruHV164y--0I6QbkE85Bg&_nc_ss=7a338&oh=00_AfzIcBYB1R733iu3bwv9paxxCAy2d3aaUtcdJEb2fiOqVA&oe=69C7E572', 'username': 'huantuu_'}"
https://www.instagram.com/p/DVscrIakZKd/,https://www.instagram.com/p/DVscrIakZKd/c/17952271194095878,17952271194095878,"akhirnya nemu jg org yg nulisnya normal, bkn memperkeruh. Mantap bang teruskan😭👍",hurryyatialiyah12,https://scontent-dfw6-1.cdninstagram.com/v/t51.82787-19/565143847_18408048952136818_4421999365957528145_n.jpg?stp=dst-jpg_e0_s150x150_tt6&_nc_cat=103&ig_cache_key=GCdpryFy1MziBWZBAFGq5pz_GF49bmNDAQAB1501500j-ccb7-5&ccb=7-5&_nc_sid=669407&efg=eyJ2ZW5jb2RlX3RhZyI6InByb2ZpbGVfcGljLnd3dy4xMDgwLkMzIn0%3D&_nc_ohc=LUfjclvDIcQQ7kNvwGIEF9U&_nc_oc=AdpD9jR7euFccDz-SLk8NtK6O3ggKddM0L8esJcCL8UuRBqv58iGdje4UmkMlxknhkg&_nc_ad=z-m&_nc_cid=0&_nc_zt=24&_nc_ht=scontent-dfw6-1.cdninstagram.com&_nc_gid=LruHV164y--0I6QbkE85Bg&_nc_ss=7a338&oh=00_AfwSgkkSExU6TpnXLPRsCFILePesL33FhmMEmwRWZCis8A&oe=69C7AFF8,2026-03-10T06:59:23.000Z,14,[],2381,"{'fbid_v2': '17841404104522183', 'full_name': 'Aliyah', 'id': '4177464817', 'is_mentionable': True, 'is_private': False, 'is_verified': False, 'latest_reel_media': 1774256570, 'profile_pic_id': '3746134999637813824', 'profile_pic_url': 'https://scontent-dfw6-1.cdninstagram.com/v/t51.82787-19/565143847_18408048952136818_4421999365957528145_n.jpg?stp=dst-jpg_e0_s150x150_tt6&_nc_cat=103&ig_cache_key=GCdpryFy1MziBWZBAFGq5pz_GF49bmNDAQAB1501500j-ccb7-5&ccb=7-5&_nc_sid=669407&efg=eyJ2ZW5jb2RlX3RhZyI6InByb2ZpbGVfcGljLnd3dy4xMDgwLkMzIn0%3D&_nc_ohc=LUfjclvDIcQQ7kNvwGIEF9U&_nc_oc=AdpD9jR7euFccDz-SLk8NtK6O3ggKddM0L8esJcCL8UuRBqv58iGdje4UmkMlxknhkg&_nc_ad=z-m&_nc_cid=0&_nc_zt=24&_nc_ht=scontent-dfw6-1.cdninstagram.com&_nc_gid=LruHV164y--0I6QbkE85Bg&_nc_ss=7a338&oh=00_AfwSgkkSExU6TpnXLPRsCFILePesL33FhmMEmwRWZCis8A&oe=69C7AFF8', 'username': 'hurryyatialiyah12'}"
https://www.instagram.com/p/DVscrIakZKd/,https://www.instagram.com/p/DVscrIakZKd/c/18088990448134387,18088990448134387,"Udah ngomong panjang x lebar, pake data, analisis, dirangkumin, dikasih masukan lagi. Yuk bisa yuk didenger jangan dibilang antek antek asenk @prabowo @presidenrepublikindonesia @gerindra @gibran_rakabuming",pikiaw,https://scontent-dfw5-2.cdninstagram.com/v/t51.82787-19/568430783_18021772613769739_9056376226770081694_n.jpg?stp=dst-jpg_e0_s150x150_tt6&_nc_cat=107&ig_cache_key=GL_Q4SEL2t3qtAZAAJ5X7Awytq59bmNDAQAB1501500j-ccb7-5&ccb=7-5&_nc_sid=669407&efg=eyJ2ZW5jb2RlX3RhZyI6InByb2ZpbGVfcGljLnd3dy42NDYuQzMifQ%3D%3D&_nc_ohc=4V9VvDqX0VcQ7kNvwHQC01A&_nc_oc=AdqjGO5GMO7Nw5HkV6l4mWscllOljzQoGaUnVRlUp4JRQMaYXrKVY5YHbOCQ0qBFcYk&_nc_ad=z-m&_nc_cid=0&_nc_zt=24&_nc_ht=scontent-dfw5-2.cdninstagram.com&_nc_gid=LruHV164y--0I6QbkE85Bg&_nc_ss=7a338&oh=00_AfwxZT5wFgvMMev8Q0b9X5QDhqrj3sn7Zg1aCqeuhy-Jgw&oe=69C7B796,2026-03-10T21:07:28.000Z,33,[],1516,"{'fbid_v2': '17841453092143172', 'full_name': 'Fiqi Au', 'id': '53065377738', 'is_mentionable': True, 'is_private': False, 'is_verified': False, 'latest_reel_media': 0, 'profile_pic_id': '3748213531930634714', 'profile_pic_url': 'https://scontent-dfw5-2.cdninstagram.com/v/t51.82787-19/568430783_18021772613769739_9056376226770081694_n.jpg?stp=dst-jpg_e0_s150x150_tt6&_nc_cat=107&ig_cache_key=GL_Q4SEL2t3qtAZAAJ5X7Awytq59bmNDAQAB1501500j-ccb7-5&ccb=7-5&_nc_sid=669407&efg=eyJ2ZW5jb2RlX3RhZyI6InByb2ZpbGVfcGljLnd3dy42NDYuQzMifQ%3D%3D&_nc_ohc=4V9VvDqX0VcQ7kNvwHQC01A&_nc_oc=AdqjGO5GMO7Nw5HkV6l4mWscllOljzQoGaUnVRlUp4JRQMaYXrKVY5YHbOCQ0qBFcYk&_nc_ad=z-m&_nc_cid=0&_nc_zt=24&_nc_ht=scontent-dfw5-2.cdninstagram.com&_nc_gid=LruHV164y--0I6QbkE85Bg&_nc_ss=7a338&oh=00_AfwxZT5wFgvMMev8Q0b9X5QDhqrj3sn7Zg1aCqeuhy-Jgw&oe=69C7B796', 'username': 'pikiaw'}"
https://www.instagram.com/p/DVscrIakZKd/,https://www.instagram.com/p/DVscrIakZKd/c/17959891683065612,17959891683065612,"TOLONG BANTU WARGA KALTIM PERIHAL 
POLITIK DINASTI KALTIM YANG AROGAN DAN ANTI KRITIK

GUBERNUR rudy mas’ud

KETUA DPRD KALTIM hasanuddin mas’ud 

WALIKOTA BALIKPAPAN Rahmad mas’ud

ANGGOTA KOMISI VI DPR RI Sarifah suraidah (istri Rudy mas’ud)
KETUA KORMI sarifah suraidah (istri rudy mas’ud)
Ketua Tim Penggerak PKK Provinsi Kaltim , Bunda PAUD, Ketua Dekranasda, Bunda Literasi Provinsi Kalimantan Timur SARIFAH SURAIDAH

ANGGOTA DPRD KALTIM DAPIL PPU :Syahariah mas’ud

MANTAN BUPATI PASER : ghafur mas’ud (OTT KPK)

WAKIL KETUA 1 TAGUPP KALTIM Hijrah Mas’ud (adik gubernur) 

DIRUT RSUD beriman Bpp Ifransyah(suami hijrah mas’ud)

KETUA UMUM DPP HIMAD KALTIM : Edy Sakassa (suami Yuliana mas’ud)

KETUA Dprd balikpapan : Alwi 
(sepupu gubernur)

KABAG TU biro umum kaltim : ASMA 
(Kakak nya sarifah suraidah istri gubernur)

KABID RSUD AWS KALTIM : SYAHRIR (suami dr asma kakak istri nya gubernur)

KETUA KADIN KALTIM : Putri amanda 
(Keponakan dr gubernur )

PENGURUS KADIN KALTIM : Syahrah
(Anak gubernur kaltim)

CALON KETUA KONI KALTIM : ya pastinya BANI MAS’ud ) antara Syahariah mas’ud / ALWI 

BEBERAPA JABATAN LAINYA YANG D BERIKAN KEPADA PARA INFLUENCER serta MEDIA MEDIA LOKAL yang jadi garda terdepan pencitraan gubernur yg d bungkam dengan jabatan",deeluvich,https://scontent-dfw5-1.cdninstagram.com/v/t51.82787-19/541677212_18526850644020622_8904705344808690201_n.jpg?stp=dst-jpg_e0_s150x150_tt6&_nc_cat=110&ig_cache_key=GJxWSSCOjXGPEtJBABki2PpU3pN7bmNDAQAB1501500j-ccb7-5&ccb=7-5&_nc_sid=669407&efg=eyJ2ZW5jb2RlX3RhZyI6InByb2ZpbGVfcGljLnd3dy4zNzQuQzMifQ%3D%3D&_nc_ohc=eAqS6NOIANkQ7kNvwEe-nPl&_nc_oc=Adrukz29MOEJjwP7b-2TbBpeJSHn5BCpe8JSbFwVlP7ec2pXa4WYXnfS0FiUWU4QZTw&_nc_ad=z-m&_nc_cid=0&_nc_zt=24&_nc_ht=scontent-dfw5-1.cdninstagram.com&_nc_gid=LruHV164y--0I6QbkE85Bg&_nc_ss=7a338&oh=00_AfwJ9zyE1iXSjfHjyMu-ZJchtMUjONWF8hhnN9L5PaFsEA&oe=69C7C432,2026-03-10T09:22:47.000Z,27,[],328,"{'fbid_v2': '17841400618630823', 'full_name': 'Deeluvich Diane Dinata', 'id': '52692621', 'is_mentionable': True, 'is_private': False, 'is_verified': False, 'latest_reel_media': 1774318369, 'profile_pic_id': '3713879222033424558', 'profile_pic_url': 'https://scontent-dfw5-1.cdninstagram.com/v/t51.82787-19/541677212_18526850644020622_8904705344808690201_n.jpg?stp=dst-jpg_e0_s150x150_tt6&_nc_cat=110&ig_cache_key=GJxWSSCOjXGPEtJBABki2PpU3pN7bmNDAQAB1501500j-ccb7-5&ccb=7-5&_nc_sid=669407&efg=eyJ2ZW5jb2RlX3RhZyI6InByb2ZpbGVfcGljLnd3dy4zNzQuQzMifQ%3D%3D&_nc_ohc=eAqS6NOIANkQ7kNvwEe-nPl&_nc_oc=Adrukz29MOEJjwP7b-2TbBpeJSHn5BCpe8JSbFwVlP7ec2pXa4WYXnfS0FiUWU4QZTw&_nc_ad=z-m&_nc_cid=0&_nc_zt=24&_nc_ht=scontent-dfw5-1.cdninstagram.com&_nc_gid=LruHV164y--0I6QbkE85Bg&_nc_ss=7a338&oh=00_AfwJ9zyE1iXSjfHjyMu-ZJchtMUjONWF8hhnN9L5PaFsEA&oe=69C7C432', 'username': 'deeluvich'}"
https://www.instagram.com/p/DVscrIakZKd/,https://www.instagram.com/p/DVscrIakZKd/c/18145345924466195,18145345924466195,Mbg ladang cari cuan jir,mhalik_in,https://scontent-dfw6-1.cdninstagram.com/v/t51.2885-19/140373382_198408918654611_3546187687016626462_n.jpg?stp=dst-jpg_e0_s150x150_tt6&_nc_cat=103&ig_cache_key=GIbtXQiT3h2tc7QAAB55fa-pljYxbkULAAAB1501500j-ccb7-5&ccb=7-5&_nc_sid=669407&efg=eyJ2ZW5jb2RlX3RhZyI6InByb2ZpbGVfcGljLnd3dy4xMDgwLkMzIn0%3D&_nc_ohc=busfPkQYlQIQ7kNvwGY6nCP&_nc_oc=Adq1X-S_wbwjcc3uVyL8dBGyDREyIVnn1RuSWyDn1pwH04cXT9Oy56NA30WI-r-XPEo&_nc_ad=z-m&_nc_cid=0&_nc_zt=24&_nc_ht=scontent-dfw6-1.cdninstagram.com&_nc_ss=7a338&oh=00_AfwmaVZmh2huN5K3QVZj38VjR6FiBhl8jk99SOGWbOvbmA&oe=69C7DCF0,2026-03-10T06:53:52.000Z,15,[],685,"{'fbid_v2': '17841406980402547', 'full_name': 'al mhalik husein', 'id': '6980376680', 'is_mentionable': False, 'is_private': True, 'is_verified': False, 'profile_pic_id': '2492136474260436148', 'profile_pic_url': 'https://scontent-dfw6-1.cdninstagram.com/v/t51.2885-19/140373382_198408918654611_3546187687016626462_n.jpg?stp=dst-jpg_e0_s150x150_tt6&_nc_cat=103&ig_cache_key=GIbtXQiT3h2tc7QAAB55fa-pljYxbkULAAAB1501500j-ccb7-5&ccb=7-5&_nc_sid=669407&efg=eyJ2ZW5jb2RlX3RhZyI6InByb2ZpbGVfcGljLnd3dy4xMDgwLkMzIn0%3D&_nc_ohc=busfPkQYlQIQ7kNvwGY6nCP&_nc_oc=Adq1X-S_wbwjcc3uVyL8dBGyDREyIVnn1RuSWyDn1pwH04cXT9Oy56NA30WI-r-XPEo&_nc_ad=z-m&_nc_cid=0&_nc_zt=24&_nc_ht=scontent-dfw6-1.cdninstagram.com&_nc_ss=7a338&oh=00_AfwmaVZmh2huN5K3QVZj38VjR6FiBhl8jk99SOGWbOvbmA&oe=69C7DCF0', 'username': 'mhalik_in'}"
https://www.instagram.com/p/DVscrIakZKd/,https://www.instagram.com/p/DVscrIakZKd/c/18026908289805147,18026908289805147,"Ganti biodiesel, perbanyak volume produksi sawit untuk bahan bakar. Walaupun teknologi alat produksi sekarang belum siap untuk penyerapan biofuel secara masif yang penting paksa terus buka lahan sawit. Manyala hilirisasi!",edologi_,https://scontent-dfw5-2.cdninstagram.com/v/t51.2885-19/309452558_163096922987912_7448602694341454947_n.jpg?stp=dst-jpg_e0_s150x150_tt6&_nc_cat=107&ig_cache_key=GA7fcRKInSj2VZQAAGNsPaWvwF5nbkULAAAB1501500j-ccb7-5&ccb=7-5&_nc_sid=669407&efg=eyJ2ZW5jb2RlX3RhZyI6InByb2ZpbGVfcGljLnd3dy4xMDgwLkMzIn0%3D&_nc_ohc=R69qcnYAsIEQ7kNvwFBFJzQ&_nc_oc=AdrbjhyBFKnuMIgX9ZuNZZWzVGreRn93_i_6AD6tv600hZVL4nh1B6egMHi6L69pqHU&_nc_ad=z-m&_nc_cid=0&_nc_zt=24&_nc_ht=scontent-dfw5-2.cdninstagram.com&_nc_ss=7a338&oh=00_AfxqoVYPoLjLZZa0NaHLSdi1XlGMkG04BA6fumV5ppgl7Q&oe=69C7CDB4,2026-03-23T23:52:47.000Z,1,[],0,"{'fbid_v2': '17841455706960116', 'full_name': 'Edo R Rahman', 'id': '55840928898', 'is_mentionable': False, 'is_private': False, 'is_verified': False, 'latest_reel_media': 0, 'profile_pic_id': '2949571524509901114', 'profile_pic_url': 'https://scontent-dfw5-2.cdninstagram.com/v/t51.2885-19/309452558_163096922987912_7448602694341454947_n.jpg?stp=dst-jpg_e0_s150x150_tt6&_nc_cat=107&ig_cache_key=GA7fcRKInSj2VZQAAGNsPaWvwF5nbkULAAAB1501500j-ccb7-5&ccb=7-5&_nc_sid=669407&efg=eyJ2ZW5jb2RlX3RhZyI6InByb2ZpbGVfcGljLnd3dy4xMDgwLkMzIn0%3D&_nc_ohc=R69qcnYAsIEQ7kNvwFBFJzQ&_nc_oc=AdrbjhyBFKnuMIgX9ZuNZZWzVGreRn93_i_6AD6tv600hZVL4nh1B6egMHi6L69pqHU&_nc_ad=z-m&_nc_cid=0&_nc_zt=24&_nc_ht=scontent-dfw5-2.cdninstagram.com&_nc_ss=7a338&oh=00_AfxqoVYPoLjLZZa0NaHLSdi1XlGMkG04BA6fumV5ppgl7Q&oe=69C7CDB4', 'username': 'edologi_'}"
https://www.instagram.com/p/DVscrIakZKd/,https://www.instagram.com/p/DVscrIakZKd/c/17988790469929215,17988790469929215,"MBG libur dulu Napa, puasa juga kan",duniasekitar5,https://scontent-dfw6-1.cdninstagram.com/v/t51.2885-19/337674210_6061203280625185_1078243988001949429_n.jpg?stp=dst-jpg_e0_s150x150_tt6&_nc_cat=103&ig_cache_key=GOJ-IBQh-nPcoYgVAPWGDr4xsfYObkULAAAB1501500j-ccb7-5&ccb=7-5&_nc_sid=669407&efg=eyJ2ZW5jb2RlX3RhZyI6InByb2ZpbGVfcGljLnd3dy4xMDgwLkMzIn0%3D&_nc_ohc=ld8x7Ng8AWMQ7kNvwEiJ6d9&_nc_oc=AdrJBMvlUtGR2aYv-CBi1xm2tj8MZl4R02je0YRkuMuXqHkbvZnnKDqmVHQ-davBN0s&_nc_ad=z-m&_nc_cid=0&_nc_zt=24&_nc_ht=scontent-dfw6-1.cdninstagram.com&_nc_ss=7a338&oh=00_AfyLchaEKYf7915ubKVWLMmh69Z44G6VW63z9pOhhFZ01w&oe=69C7D3B5,2026-03-10T07:01:25.000Z,29,[],161,"{'fbid_v2': '17841433722235382', 'full_name': 'DUNIA SEKITAR', 'id': '33723060074', 'is_mentionable': True, 'is_private': False, 'is_verified': False, 'latest_reel_media': 0, 'profile_pic_id': '3067774269928559131', 'profile_pic_url': 'https://scontent-dfw6-1.cdninstagram.com/v/t51.2885-19/337674210_6061203280625185_1078243988001949429_n.jpg?stp=dst-jpg_e0_s150x150_tt6&_nc_cat=103&ig_cache_key=GOJ-IBQh-nPcoYgVAPWGDr4xsfYObkULAAAB1501500j-ccb7-5&ccb=7-5&_nc_sid=669407&efg=eyJ2ZW5jb2RlX3RhZyI6InByb2ZpbGVfcGljLnd3dy4xMDgwLkMzIn0%3D&_nc_ohc=ld8x7Ng8AWMQ7kNvwEiJ6d9&_nc_oc=AdrJBMvlUtGR2aYv-CBi1xm2tj8MZl4R02je0YRkuMuXqHkbvZnnKDqmVHQ-davBN0s&_nc_ad=z-m&_nc_cid=0&_nc_zt=24&_nc_ht=scontent-dfw6-1.cdninstagram.com&_nc_ss=7a338&oh=00_AfyLchaEKYf7915ubKVWLMmh69Z44G6VW63z9pOhhFZ01w&oe=69C7D3B5', 'username': 'duniasekitar5'}"
https://www.instagram.com/p/DVscrIakZKd/,https://www.instagram.com/p/DVscrIakZKd/c/17891802519428642,17891802519428642,Mereka bukan gak ngerti gimana solusinya kan bang? Mereka pura2 gak tau aja kan biar proyek “bagi hasilnya” tetep jalan? Masa iya sebodoh itu?,malydssss,https://scontent-dfw5-1.cdninstagram.com/v/t51.82787-19/618913984_18442656907100089_6430428399971212694_n.jpg?stp=dst-jpg_e0_s150x150_tt6&_nc_cat=105&ig_cache_key=GMDg4yS5f6mtf4VBAJYd3lWPeD1ZbmNDAQAB1501500j-ccb7-5&ccb=7-5&_nc_sid=669407&efg=eyJ2ZW5jb2RlX3RhZyI6InByb2ZpbGVfcGljLnd3dy40OTAuQzMifQ%3D%3D&_nc_ohc=8iXwFghbY6cQ7kNvwH11YSB&_nc_oc=AdrbrImiTU3Ex2_cP6981SAgbOLmA1pNTGbA383ni_ZcQ_Ntz8M7Oxb-p5nxoISoxQs&_nc_ad=z-m&_nc_cid=0&_nc_zt=24&_nc_ht=scontent-dfw5-1.cdninstagram.com&_nc_gid=LruHV164y--0I6QbkE85Bg&_nc_ss=7a338&oh=00_AfzEwKIo_ioQBhkCW9P8khYWqTRgkaMmVDmsa1k8lIytGQ&oe=69C7DF9F,2026-03-10T09:07:15.000Z,5,[],509,"{'fbid_v2': '17841403002662839', 'full_name': 'Malydss', 'id': '3062716088', 'is_mentionable': True, 'is_private': True, 'is_verified': True, 'profile_pic_id': '3812771166508149713', 'profile_pic_url': 'https://scontent-dfw5-1.cdninstagram.com/v/t51.82787-19/618913984_18442656907100089_6430428399971212694_n.jpg?stp=dst-jpg_e0_s150x150_tt6&_nc_cat=105&ig_cache_key=GMDg4yS5f6mtf4VBAJYd3lWPeD1ZbmNDAQAB1501500j-ccb7-5&ccb=7-5&_nc_sid=669407&efg=eyJ2ZW5jb2RlX3RhZyI6InByb2ZpbGVfcGljLnd3dy40OTAuQzMifQ%3D%3D&_nc_ohc=8iXwFghbY6cQ7kNvwH11YSB&_nc_oc=AdrbrImiTU3Ex2_cP6981SAgbOLmA1pNTGbA383ni_ZcQ_Ntz8M7Oxb-p5nxoISoxQs&_nc_ad=z-m&_nc_cid=0&_nc_zt=24&_nc_ht=scontent-dfw5-1.cdninstagram.com&_nc_gid=LruHV164y--0I6QbkE85Bg&_nc_ss=7a338&oh=00_AfzEwKIo_ioQBhkCW9P8khYWqTRgkaMmVDmsa1k8lIytGQ&oe=69C7DF9F', 'username': 'malydssss'}"
https://www.instagram.com/p/DVscrIakZKd/,https://www.instagram.com/p/DVscrIakZKd/c/18105772321847288,18105772321847288,"Gapapa Bang, rakyat besok” kayanya kemana” baik kuda atau karpet terbang. Yang penting MBG tetap jalan 😅",in.vin.cibles,https://scontent-dfw5-3.cdninstagram.com/v/t51.82787-19/655227533_18578958415008349_8873021919233437141_n.jpg?stp=dst-jpg_e0_s150x150_tt6&_nc_cat=1&ig_cache_key=GI36DSddkp-YdgFCANXtKZxsTiN7bmNDAQAB1501500j-ccb7-5&ccb=7-5&_nc_sid=669407&efg=eyJ2ZW5jb2RlX3RhZyI6InByb2ZpbGVfcGljLnd3dy4xMDgwLkMzIn0%3D&_nc_ohc=zQx4ytWs7XwQ7kNvwG6ynGV&_nc_oc=AdppRi7Qtgo8v5nhzun9Eol6lJwNiFB2ivu59d_La4gTOkuWIyaAqESJY8TzF56xFPU&_nc_ad=z-m&_nc_cid=0&_nc_zt=24&_nc_ht=scontent-dfw5-3.cdninstagram.com&_nc_gid=LruHV164y--0I6QbkE85Bg&_nc_ss=7a338&oh=00_AfxKqNdkjTpbINwTlFha2-zELNR-qP-zTmXsh2b_TvR8KA&oe=69C7AFDA,2026-03-10T06:55:06.000Z,17,[],115,"{'fbid_v2': '17841400250459707', 'full_name': 'Vincent Limonty 張韋勝', 'id': '1261256348', 'is_mentionable': True, 'is_private': False, 'is_verified': True, 'latest_reel_media': 1774296794, 'profile_pic_id': '3858546029436553019', 'profile_pic_url': 'https://scontent-dfw5-3.cdninstagram.com/v/t51.82787-19/655227533_18578958415008349_8873021919233437141_n.jpg?stp=dst-jpg_e0_s150x150_tt6&_nc_cat=1&ig_cache_key=GI36DSddkp-YdgFCANXtKZxsTiN7bmNDAQAB1501500j-ccb7-5&ccb=7-5&_nc_sid=669407&efg=eyJ2ZW5jb2RlX3RhZyI6InByb2ZpbGVfcGljLnd3dy4xMDgwLkMzIn0%3D&_nc_ohc=zQx4ytWs7XwQ7kNvwG6ynGV&_nc_oc=AdppRi7Qtgo8v5nhzun9Eol6lJwNiFB2ivu59d_La4gTOkuWIyaAqESJY8TzF56xFPU&_nc_ad=z-m&_nc_cid=0&_nc_zt=24&_nc_ht=scontent-dfw5-3.cdninstagram.com&_nc_gid=LruHV164y--0I6QbkE85Bg&_nc_ss=7a338&oh=00_AfxKqNdkjTpbINwTlFha2-zELNR-qP-zTmXsh2b_TvR8KA&oe=69C7AFDA', 'username': 'in.vin.cibles'}"
https://www.instagram.com/p/DVscrIakZKd/,https://www.instagram.com/p/DVscrIakZKd/c/17916168357312196,17916168357312196,"MBG itu gk darurat, tolong lah, kalau mau mencegah stunting, perbanyak edukasi Ibu hamil dan gizi Ibu hamil. Kalau banyak anak dari ekonomi bawah yg butuh, utamakan mereka aja.  Ciptakan lapangan kerja, naikkan gaji para pekerja. mBG bukan solusi, gimana bisa dengan kasih makan sekali sehari gizi anak2 akan lebih baik? Di tambah kita lihat di lapangan menu yg di kasih sangat jauh dari nilai gizi yg di butuhkan. Ayolah pak @presidenrepublikindonesia  @prabowo  @gerindra  @teddy_hq  @gibran_rakabuming  jangan egois, jangan menutup mata, jangan arogan, g usah malu mengakui bahwa program ini memang gagal dan hanya jadi lahan korupsi yg tersistematis. Rakyat akan lebih bangga terhadap kalau Bapak mau mengakui dan mendengar keluhan rakyat. Katanya Bapak cinta rakyat, mana buktinya?",derma_juntak,https://scontent-dfw6-1.cdninstagram.com/v/t51.82787-19/605875915_18071498555594556_6393040707660923589_n.jpg?stp=dst-jpg_e0_s150x150_tt6&_nc_cat=101&ig_cache_key=GMvuHCQ8F-ej7jNAAMXCvd6mpLhYbmNDAQAB1501500j-ccb7-5&ccb=7-5&_nc_sid=669407&efg=eyJ2ZW5jb2RlX3RhZyI6InByb2ZpbGVfcGljLnd3dy44NTMuQzMifQ%3D%3D&_nc_ohc=KqAXpbT1dS0Q7kNvwGiMIY9&_nc_oc=Adr2nwaR24fObvqglEs6v3TX2GcvDPRju2edwhlLDh_6avMWQutOY_Hc_W_dTufUBxc&_nc_ad=z-m&_nc_cid=0&_nc_zt=24&_nc_ht=scontent-dfw6-1.cdninstagram.com&_nc_gid=LruHV164y--0I6QbkE85Bg&_nc_ss=7a338&oh=00_Afzmz6tqxzO2APvpUEgEbb_tP0TpBKIXdrMOsA0_hV6vvQ&oe=69C7D3C8,2026-03-10T10:56:39.000Z,17,[],1062,"{'fbid_v2': '17841447836659895', 'full_name': 'Derma Juntak Mamak Taza', 'id': '47839162555', 'is_mentionable': True, 'is_private': False, 'is_verified': False, 'latest_reel_media': 0, 'profile_pic_id': '3796906932671026960', 'profile_pic_url': 'https://scontent-dfw6-1.cdninstagram.com/v/t51.82787-19/605875915_18071498555594556_6393040707660923589_n.jpg?stp=dst-jpg_e0_s150x150_tt6&_nc_cat=101&ig_cache_key=GMvuHCQ8F-ej7jNAAMXCvd6mpLhYbmNDAQAB1501500j-ccb7-5&ccb=7-5&_nc_sid=669407&efg=eyJ2ZW5jb2RlX3RhZyI6InByb2ZpbGVfcGljLnd3dy44NTMuQzMifQ%3D%3D&_nc_ohc=KqAXpbT1dS0Q7kNvwGiMIY9&_nc_oc=Adr2nwaR24fObvqglEs6v3TX2GcvDPRju2edwhlLDh_6avMWQutOY_Hc_W_dTufUBxc&_nc_ad=z-m&_nc_cid=0&_nc_zt=24&_nc_ht=scontent-dfw6-1.cdninstagram.com&_nc_gid=LruHV164y--0I6QbkE85Bg&_nc_ss=7a338&oh=00_Afzmz6tqxzO2APvpUEgEbb_tP0TpBKIXdrMOsA0_hV6vvQ&oe=69C7D3C8', 'username': 'derma_juntak'}"
https://www.instagram.com/p/DVscrIakZKd/,https://www.instagram.com/p/DVscrIakZKd/c/18069915029283242,18069915029283242,Maaf gue koreksi bang,mas.masdip,https://scontent-dfw6-1.cdninstagram.com/v/t51.82787-19/573528340_18050441792670998_843246609087145025_n.jpg?stp=dst-jpg_e0_s150x150_tt6&_nc_cat=102&ig_cache_key=GBRZLyIWTRf7xyBAAEEkscBS0LMLbmNDAQAB1501500j-ccb7-5&ccb=7-5&_nc_sid=669407&efg=eyJ2ZW5jb2RlX3RhZyI6InByb2ZpbGVfcGljLnd3dy4xMDgwLkMzIn0%3D&_nc_ohc=7B5gtFr_6GUQ7kNvwFPI9nA&_nc_oc=AdqXr19FHLJrLRh4wsgdowKeRagC_IKLYAR7P_JCtKbxO3uvp-N5OQgvmcTMA4ZsyCs&_nc_ad=z-m&_nc_cid=0&_nc_zt=24&_nc_ht=scontent-dfw6-1.cdninstagram.com&_nc_gid=LruHV164y--0I6QbkE85Bg&_nc_ss=7a338&oh=00_AfzPODUsLO1Q2NinGfPbtKNlW1tF9cdPjniP3jQnpCqbIQ&oe=69C7C179,2026-03-23T17:41:37.000Z,1,[],0,"{'fbid_v2': '17841450129913638', 'full_name': 'Masdip', 'id': '49949110997', 'is_mentionable': True, 'is_private': False, 'is_verified': False, 'latest_reel_media': 1774285771, 'profile_pic_id': '3757890488025416735', 'profile_pic_url': 'https://scontent-dfw6-1.cdninstagram.com/v/t51.82787-19/573528340_18050441792670998_843246609087145025_n.jpg?stp=dst-jpg_e0_s150x150_tt6&_nc_cat=102&ig_cache_key=GBRZLyIWTRf7xyBAAEEkscBS0LMLbmNDAQAB1501500j-ccb7-5&ccb=7-5&_nc_sid=669407&efg=eyJ2ZW5jb2RlX3RhZyI6InByb2ZpbGVfcGljLnd3dy4xMDgwLkMzIn0%3D&_nc_ohc=7B5gtFr_6GUQ7kNvwFPI9nA&_nc_oc=AdqXr19FHLJrLRh4wsgdowKeRagC_IKLYAR7P_JCtKbxO3uvp-N5OQgvmcTMA4ZsyCs&_nc_ad=z-m&_nc_cid=0&_nc_zt=24&_nc_ht=scontent-dfw6-1.cdninstagram.com&_nc_gid=LruHV164y--0I6QbkE85Bg&_nc_ss=7a338&oh=00_AfzPODUsLO1Q2NinGfPbtKNlW1tF9cdPjniP3jQnpCqbIQ&oe=69C7C179', 'username': 'mas.masdip'}"
https://www.instagram.com/p/DVscrIakZKd/,https://www.instagram.com/p/DVscrIakZKd/c/18095800066823070,18095800066823070,"Zaman SBY kita sering bgt tum kena gejolak Minyak Dunia. Dinamika nya sempet panas, tapi karena Kebijakan nya Pro-Growth dan penuh kehati-hatian, jadi Masyarakat ga terlalu kena dampaknya. Ekonomi ttep tumbuh bahkan nyentuh 6% di 2011. Pendapatnya tum @irwandiferry",abinktidars,https://scontent-dfw6-1.cdninstagram.com/v/t51.82787-19/513905154_18517552885051497_8942213874688958968_n.jpg?stp=dst-jpg_e0_s150x150_tt6&_nc_cat=102&ig_cache_key=GAKSoR5psNLBnclBAPihZyIkIBl8bmNDAQAB1501500j-ccb7-5&ccb=7-5&_nc_sid=669407&efg=eyJ2ZW5jb2RlX3RhZyI6InByb2ZpbGVfcGljLnd3dy4xMDgwLkMzIn0%3D&_nc_ohc=s0vE26vItEgQ7kNvwG57LbU&_nc_oc=AdoVls0eogbfnTGYxy_BJP4PWUhpD7yWQ5oTmhQ1dHPUPsEtFY_rFPW-NaO0_62sBhw&_nc_ad=z-m&_nc_cid=0&_nc_zt=24&_nc_ht=scontent-dfw6-1.cdninstagram.com&_nc_gid=LruHV164y--0I6QbkE85Bg&_nc_ss=7a338&oh=00_Afx6QBGdh5bN-ciLkpMwkb0SHzl8Ql3om5kkRRVHqPw0Kg&oe=69C7E49B,2026-03-10T07:12:52.000Z,12,[],645,"{'fbid_v2': '17841401544880759', 'full_name': 'Muhamad Ambrikom Tidar', 'id': '48627496', 'is_mentionable': True, 'is_private': True, 'is_verified': False, 'profile_pic_id': '3664319110596587027', 'profile_pic_url': 'https://scontent-dfw6-1.cdninstagram.com/v/t51.82787-19/513905154_18517552885051497_8942213874688958968_n.jpg?stp=dst-jpg_e0_s150x150_tt6&_nc_cat=102&ig_cache_key=GAKSoR5psNLBnclBAPihZyIkIBl8bmNDAQAB1501500j-ccb7-5&ccb=7-5&_nc_sid=669407&efg=eyJ2ZW5jb2RlX3RhZyI6InByb2ZpbGVfcGljLnd3dy4xMDgwLkMzIn0%3D&_nc_ohc=s0vE26vItEgQ7kNvwG57LbU&_nc_oc=AdoVls0eogbfnTGYxy_BJP4PWUhpD7yWQ5oTmhQ1dHPUPsEtFY_rFPW-NaO0_62sBhw&_nc_ad=z-m&_nc_cid=0&_nc_zt=24&_nc_ht=scontent-dfw6-1.cdninstagram.com&_nc_gid=LruHV164y--0I6QbkE85Bg&_nc_ss=7a338&oh=00_Afx6QBGdh5bN-ciLkpMwkb0SHzl8Ql3om5kkRRVHqPw0Kg&oe=69C7E49B', 'username': 'abinktidars'}"
https://www.instagram.com/p/DVscrIakZKd/,https://www.instagram.com/p/DVscrIakZKd/c/18212459551321291,18212459551321291,"Mohon maaf kalau boleh jujur,, Abang kita satu ini lebih cerdas dari wapres kita.. mohon maaf saya jujur.. 🙏",bandungjayaprana,https://scontent-dfw5-1.cdninstagram.com/v/t51.2885-19/487960189_1716446849280891_1231425406342583756_n.jpg?stp=dst-jpg_e0_s150x150_tt6&_nc_cat=111&ig_cache_key=GH2uFR17K7psGRkGAMzVcPjh5hYRbkULAAAB1501500j-ccb7-5&ccb=7-5&_nc_sid=669407&efg=eyJ2ZW5jb2RlX3RhZyI6InByb2ZpbGVfcGljLnd3dy4xMDgwLkMzIn0%3D&_nc_ohc=C8g6Mk-iU_oQ7kNvwFfwkrT&_nc_oc=AdorLa2iBCsa68yzjcY9uxMPfrWhamuufNQlxnnnmuWC2wupV3ryftgd_PRW4ryvPEc&_nc_ad=z-m&_nc_cid=0&_nc_zt=24&_nc_ht=scontent-dfw5-1.cdninstagram.com&_nc_ss=7a338&oh=00_Afyur2ZUu13r0nijB_y7mqe0p56B8xaZmSvQsdAQogewgg&oe=69C7C41E,2026-03-11T02:50:57.000Z,10,[],70,"{'fbid_v2': '17841433229661880', 'full_name': 'Dimitar Jayaprana', 'id': '33215043655', 'is_mentionable': True, 'is_private': False, 'is_verified': False, 'latest_reel_media': 0, 'profile_pic_id': '3603437855791691555', 'profile_pic_url': 'https://scontent-dfw5-1.cdninstagram.com/v/t51.2885-19/487960189_1716446849280891_1231425406342583756_n.jpg?stp=dst-jpg_e0_s150x150_tt6&_nc_cat=111&ig_cache_key=GH2uFR17K7psGRkGAMzVcPjh5hYRbkULAAAB1501500j-ccb7-5&ccb=7-5&_nc_sid=669407&efg=eyJ2ZW5jb2RlX3RhZyI6InByb2ZpbGVfcGljLnd3dy4xMDgwLkMzIn0%3D&_nc_ohc=C8g6Mk-iU_oQ7kNvwFfwkrT&_nc_oc=AdorLa2iBCsa68yzjcY9uxMPfrWhamuufNQlxnnnmuWC2wupV3ryftgd_PRW4ryvPEc&_nc_ad=z-m&_nc_cid=0&_nc_zt=24&_nc_ht=scontent-dfw5-1.cdninstagram.com&_nc_ss=7a338&oh=00_Afyur2ZUu13r0nijB_y7mqe0p56B8xaZmSvQsdAQogewgg&oe=69C7C41E', 'username': 'bandungjayaprana'}"
https://www.instagram.com/p/DVscrIakZKd/,https://www.instagram.com/p/DVscrIakZKd/c/18106554226884775,18106554226884775,Subsidi mobil dan motor listrik + pembagian Kompor listrik biar tidak bergantung pada import karena listrik kita di dukung Oleh batu bara yg melimpah 👍👍,frigamahardita,https://scontent-dfw6-1.cdninstagram.com/v/t51.2885-19/13298074_1712287139022618_351436540_a.jpg?stp=dst-jpg_e0_s150x150_tt6&_nc_cat=103&ig_cache_key=GJrpygAax6zqUBUGAPx_8hQAAAAAYUULAAAB1501500j-ccb7-5&ccb=7-5&_nc_sid=669407&efg=eyJ2ZW5jb2RlX3RhZyI6InByb2ZpbGVfcGljLnd3dy45NjAuQzMifQ%3D%3D&_nc_ohc=hWR5XtbUG6sQ7kNvwFo5N1g&_nc_oc=AdrKJoqDiwLc1zpT78aLQ6C20clw3GIhyT1vVM1Kh2-alZ28w7nuH3H_-X8K9IMr9NY&_nc_ad=z-m&_nc_cid=0&_nc_zt=24&_nc_ht=scontent-dfw6-1.cdninstagram.com&_nc_ss=7a338&oh=00_Afy9yrICInh06nMSkBA0IQASJDRZoEebzThsA1rkT0PcUw&oe=69C7D97D,2026-03-10T06:55:12.000Z,11,[],23,"{'fbid_v2': '17841402962488382', 'full_name': 'Friga Mahardita', 'id': '3027058749', 'is_mentionable': True, 'is_private': False, 'is_verified': False, 'latest_reel_media': 0, 'profile_pic_id': '1259097722711612258', 'profile_pic_url': 'https://scontent-dfw6-1.cdninstagram.com/v/t51.2885-19/13298074_1712287139022618_351436540_a.jpg?stp=dst-jpg_e0_s150x150_tt6&_nc_cat=103&ig_cache_key=GJrpygAax6zqUBUGAPx_8hQAAAAAYUULAAAB1501500j-ccb7-5&ccb=7-5&_nc_sid=669407&efg=eyJ2ZW5jb2RlX3RhZyI6InByb2ZpbGVfcGljLnd3dy45NjAuQzMifQ%3D%3D&_nc_ohc=hWR5XtbUG6sQ7kNvwFo5N1g&_nc_oc=AdrKJoqDiwLc1zpT78aLQ6C20clw3GIhyT1vVM1Kh2-alZ28w7nuH3H_-X8K9IMr9NY&_nc_ad=z-m&_nc_cid=0&_nc_zt=24&_nc_ht=scontent-dfw6-1.cdninstagram.com&_nc_ss=7a338&oh=00_Afy9yrICInh06nMSkBA0IQASJDRZoEebzThsA1rkT0PcUw&oe=69C7D97D', 'username': 'frigamahardita'}"
